id,equipment_name,name,description,units,value,type,last_updated,first_updated,building_id,square_footage
205080,elecMeter-1,Electric Meter 1 Consumption value,Electric Meter 1 Consumption_value,kWh,6111.0,Electric Consumption,2021-06-10 21:50:00-06:00,2019-12-09 22:00:00-07:00,217,229154.0
427771,elecMeter-1,Electric Meter 1 Consumption_value,,,,Electric Consumption,,,217,229154.0
198950,elecMeter1,,Meter Data Elec Meter Electric Meter 1,kWh,128.01,Electric Consumption,2019-12-31 22:45:00-06:00,2018-12-14 22:00:00-07:00,146,281755.0
309959,elecMeter-10,kWh.10thFl.total value,,kWh,332.71,Electric Consumption,2021-10-01 21:55:00-06:00,2020-10-01 21:05:00-07:00,440,268000.0
309960,elecMeter-16,kWh.16thFl.tot value,,kWh,506.0,Electric Consumption,2021-10-01 21:57:03-06:00,2020-10-01 21:03:01-07:00,440,268000.0
309961,elecMeter-17,kWh.17thFl.total value,,kWh,309.41,Electric Consumption,2021-10-01 21:55:00-06:00,2020-10-01 21:05:00-07:00,440,268000.0
309962,elecMeter-18,kWh.18thFl.total value,,kWh,320.68,Electric Consumption,2021-10-01 21:55:00-06:00,2020-10-01 21:05:00-07:00,440,268000.0
309963,elecMeter-19,kWh.19thFl.total value,,kWh,282.14,Electric Consumption,2021-10-01 21:55:00-06:00,2020-10-01 21:05:00-07:00,440,268000.0
205081,elecMeter-2,Electric Meter 2 Consumption value,Electric Meter 2 Consumption_value,kWh,2448.0,Electric Consumption,2021-06-10 21:50:00-06:00,2019-12-09 22:00:00-07:00,217,229154.0
427772,elecMeter-2,Electric Meter 2 Consumption_value,,,,Electric Consumption,,,217,229154.0
309951,elecMeter-2,kWh.02ndFl.total value,,kWh,394.18,Electric Consumption,2021-10-01 21:55:00-06:00,2020-10-01 21:05:00-07:00,440,268000.0
198951,elecMeter2,,Meter Data Elec Meter Electric Meter 2,kWh,204.01,Electric Consumption,2019-12-31 22:45:00-06:00,2018-12-14 22:00:00-07:00,146,281755.0
309964,elecMeter-20,kWh.20thFl.total value,,kWh,321.79,Electric Consumption,2021-10-01 21:55:00-06:00,2020-10-01 21:05:00-07:00,440,268000.0
309965,elecMeter-21,kWh.21stFl.total value,,kWh,372.30,Electric Consumption,2021-10-01 21:55:00-06:00,2020-10-01 21:05:00-07:00,440,268000.0
309966,elecMeter-23,kWh.23rdFl.total value,,kWh,177.78,Electric Consumption,2021-10-01 21:55:00-06:00,2020-10-01 21:05:00-07:00,440,268000.0
309952,elecMeter-3,kWh.03rdFl.total value,,kWh,352.86,Electric Consumption,2021-10-01 21:55:00-06:00,2020-10-01 21:05:00-07:00,440,268000.0
309953,elecMeter-4,kWh.04thFl.total value,,kWh,533.24,Electric Consumption,2021-10-01 21:55:00-06:00,2020-10-01 21:05:00-07:00,440,268000.0
386645,elecMeter-425119007710002,425119007710002 (kWh),,kWh,25.44,Electric Consumption,2020-06-01 12:15:00-06:00,2019-11-29 22:15:00-07:00,373,127577.0
191196,elecMeter-443111257002006,443111257002006 (kWh),21 West End Avenue_443111257002006 (kWh),kW,75.6,Electric Consumption,2019-12-20 05:15:00-06:00,2019-06-19 21:00:00-07:00,100,153750.0
201323,elecMeter-494061081200003,494061081200003 (kWh),494061081200003 (kWh),kWh,23.16,Electric Consumption,2019-12-27 11:00:00-06:00,2018-12-31 22:00:00-07:00,176,150000.0
309954,elecMeter-5,kWh.05thFl.total value,,kWh,397.84,Electric Consumption,2021-10-01 21:55:00-06:00,2020-10-01 21:05:00-07:00,440,268000.0
309955,elecMeter-6,kWh.06thFl.total value,,kWh,328.00,Electric Consumption,2021-10-01 21:55:00-06:00,2020-10-01 21:05:00-07:00,440,268000.0
358161,elecMeter-6132839,6132839 (kW),,,0.0,Electric Consumption,2020-10-28 09:30:00-06:00,2020-06-19 21:15:00-07:00,100,153750.0
309956,elecMeter-7,kWh.07thFl.total value,,kWh,308.28,Electric Consumption,2021-10-01 21:55:00-06:00,2020-10-01 21:05:00-07:00,440,268000.0
309957,elecMeter-8,kWh.08thFl.total value,,kWh,316.43,Electric Consumption,2021-10-01 21:55:00-06:00,2020-10-01 21:05:00-07:00,440,268000.0
197192,elecMeter-8479295,8479295 (kWh),8479295 (kWh),kWh,19.68,Electric Consumption,2018-09-15 22:00:00-06:00,2017-09-14 21:15:00-07:00,123,330000.0
197193,elecMeter-8479296,8479296 (kWh),8479296 (kWh),kWh,15.36,Electric Consumption,2018-09-15 22:00:00-06:00,2017-09-14 21:15:00-07:00,123,330000.0
197194,elecMeter-8939311,8939311 (kWh),8939311 (kWh),kWh,33.36,Electric Consumption,2018-09-15 22:00:00-06:00,2017-09-14 21:15:00-07:00,123,330000.0
309958,elecMeter-9,kWh.09thFl.total value,,kWh,272.01,Electric Consumption,2021-10-01 21:55:00-06:00,2020-10-01 21:05:00-07:00,440,268000.0
308588,elecMeterLoad-001_BM-010,AOLTW.FPMETER-001.BM-010,,kWh,0.0,Electric Consumption,2020-10-30 22:00:00-06:00,2020-05-01 20:00:00-07:00,438,1500000.0
308589,elecMeterLoad-001_WM-027,AOLTW.FPMETER-001.WM-027,,kWh,5500.0,Electric Consumption,2020-10-30 22:00:00-06:00,2020-05-01 20:00:00-07:00,438,1500000.0
308590,elecMeterLoad-001_WM-081,AOLTW.FPMETER-001.WM-081,,kWh,190.0,Electric Consumption,2020-10-30 22:00:00-06:00,2020-05-01 20:00:00-07:00,438,1500000.0
308591,elecMeterLoad-001_WM-082,AOLTW.FPMETER-001.WM-082,,kWh,220.0,Electric Consumption,2020-10-30 22:00:00-06:00,2020-05-01 20:00:00-07:00,438,1500000.0
308592,elecMeterLoad-003_WM-002,AOLTW.FPMETER-003.WM-002,,kWh,0.0,Electric Consumption,2020-10-30 22:00:00-06:00,2020-05-01 20:00:00-07:00,438,1500000.0
308593,elecMeterLoad-004_BM-008,AOLTW.FPMETER-004.BM-008,,kWh,0.0,Electric Consumption,2020-10-30 22:00:00-06:00,2020-05-01 20:00:00-07:00,438,1500000.0
308594,elecMeterLoad-004_SM-02A,AOLTW.FPMETER-004.SM-02A,,kWh,0.0,Electric Consumption,2020-10-30 22:00:00-06:00,2020-05-01 20:00:00-07:00,438,1500000.0
308595,elecMeterLoad-004_SM-05A,AOLTW.FPMETER-004.SM-05A,,kWh,15200.0,Electric Consumption,2020-10-30 22:00:00-06:00,2020-05-01 20:00:00-07:00,438,1500000.0
308596,elecMeterLoad-004_SM-05B,AOLTW.FPMETER-004.SM-05B,,kWh,0.0,Electric Consumption,2020-10-30 22:00:00-06:00,2020-05-01 20:00:00-07:00,438,1500000.0
308597,elecMeterLoad-004_SM-05D,AOLTW.FPMETER-004.SM-05D,,kWh,100.0,Electric Consumption,2020-10-30 22:00:00-06:00,2020-05-01 20:00:00-07:00,438,1500000.0
308598,elecMeterLoad-004_SM-05E,AOLTW.FPMETER-004.SM-05E,,kWh,400.0,Electric Consumption,2020-10-30 22:00:00-06:00,2020-05-01 20:00:00-07:00,438,1500000.0
308599,elecMeterLoad-005_BM-011,AOLTW.FPMETER-005.BM-011,,kWh,560.0,Electric Consumption,2020-10-30 22:00:00-06:00,2020-05-01 20:00:00-07:00,438,1500000.0
308600,elecMeterLoad-005_BM-012,AOLTW.FPMETER-005.BM-012,,kWh,0.0,Electric Consumption,2020-10-30 22:00:00-06:00,2020-05-01 20:00:00-07:00,438,1500000.0
308601,elecMeterLoad-005_SM-05C,AOLTW.FPMETER-005.SM-05C,,kWh,0.0,Electric Consumption,2020-10-30 22:00:00-06:00,2020-05-01 20:00:00-07:00,438,1500000.0
308602,elecMeterLoad-006_WM-003,AOLTW.FPMETER-006.WM-003,,kWh,194000.0,Electric Consumption,2020-10-30 22:00:00-06:00,2020-05-01 20:00:00-07:00,438,1500000.0
308603,elecMeterLoad-006_WM-004,AOLTW.FPMETER-006.WM-004,,kWh,72680.0,Electric Consumption,2020-10-30 22:00:00-06:00,2020-05-01 20:00:00-07:00,438,1500000.0
308604,elecMeterLoad-007_SM-002,AOLTW.FPMETER-007.SM-002,,kWh,19400.0,Electric Consumption,2020-10-30 22:00:00-06:00,2020-05-01 20:00:00-07:00,438,1500000.0
308605,elecMeterLoad-007_SM-003,AOLTW.FPMETER-007.SM-003,,kWh,60800.0,Electric Consumption,2020-10-30 22:00:00-06:00,2020-05-01 20:00:00-07:00,438,1500000.0
308606,elecMeterLoad-007_SM-024,AOLTW.FPMETER-007.SM-024,,kWh,2300.0,Electric Consumption,2020-10-30 22:00:00-06:00,2020-05-01 20:00:00-07:00,438,1500000.0
308607,elecMeterLoad-007_SM-025,AOLTW.FPMETER-007.SM-025,,kWh,1300.0,Electric Consumption,2020-10-30 22:00:00-06:00,2020-05-01 20:00:00-07:00,438,1500000.0
308608,elecMeterLoad-007_WM-009,AOLTW.FPMETER-007.WM-009,,kWh,5700.0,Electric Consumption,2020-10-30 22:00:00-06:00,2020-05-01 20:00:00-07:00,438,1500000.0
308609,elecMeterLoad-007_WM-010,AOLTW.FPMETER-007.WM-010,,kWh,0.0,Electric Consumption,2020-10-30 22:00:00-06:00,2020-05-01 20:00:00-07:00,438,1500000.0
308610,elecMeterLoad-007_WM-028,AOLTW.FPMETER-007.WM-028,,kWh,8740.0,Electric Consumption,2020-10-30 22:00:00-06:00,2020-05-01 20:00:00-07:00,438,1500000.0
308611,elecMeterLoad-007_WM-029,AOLTW.FPMETER-007.WM-029,,kWh,0.0,Electric Consumption,2020-10-30 22:00:00-06:00,2020-05-01 20:00:00-07:00,438,1500000.0
308612,elecMeterLoad-010_BM-009,AOLTW.FPMETER-010.BM-009,,kWh,0.0,Electric Consumption,2020-10-30 22:00:00-06:00,2020-05-01 20:00:00-07:00,438,1500000.0
308613,elecMeterLoad-010_BM-013,AOLTW.FPMETER-010.BM-013,,kWh,26880.0,Electric Consumption,2020-10-30 22:00:00-06:00,2020-05-01 20:00:00-07:00,438,1500000.0
308614,elecMeterLoad-010_BM-C1S,AOLTW.FPMETER-010.BM-C1S,,kWh,1610.0,Electric Consumption,2020-10-30 22:00:00-06:00,2020-05-01 20:00:00-07:00,438,1500000.0
308615,elecMeterLoad-010_SM-04A,AOLTW.FPMETER-010.SM-04A,,kWh,3200.0,Electric Consumption,2020-10-30 22:00:00-06:00,2020-05-01 20:00:00-07:00,438,1500000.0
308616,elecMeterLoad-010_SM-04B,AOLTW.FPMETER-010.SM-04B,,kWh,6300.0,Electric Consumption,2020-10-30 22:00:00-06:00,2020-05-01 20:00:00-07:00,438,1500000.0
308617,elecMeterLoad-010_SM-04C,AOLTW.FPMETER-010.SM-04C,,kWh,0.0,Electric Consumption,2020-10-30 22:00:00-06:00,2020-05-01 20:00:00-07:00,438,1500000.0
308618,elecMeterLoad-010_SM-04D,AOLTW.FPMETER-010.SM-04D,,kWh,14600.0,Electric Consumption,2020-10-30 22:00:00-06:00,2020-05-01 20:00:00-07:00,438,1500000.0
308619,elecMeterLoad-010_SM-04E,AOLTW.FPMETER-010.SM-04E,,kWh,0.0,Electric Consumption,2020-10-30 22:00:00-06:00,2020-05-01 20:00:00-07:00,438,1500000.0
308620,elecMeterLoad-010_WM-001,AOLTW.FPMETER-010.WM-001,,kWh,0.0,Electric Consumption,2020-10-30 22:00:00-06:00,2020-05-01 20:00:00-07:00,438,1500000.0
308621,elecMeterLoad-010_WM-006,AOLTW.FPMETER-010.WM-006,,kWh,370.0,Electric Consumption,2020-10-30 22:00:00-06:00,2020-05-01 20:00:00-07:00,438,1500000.0
308622,elecMeterLoad-011_SM-MS1,AOLTW.FPMETER-011.SM-MS1,,kWh,254000.0,Electric Consumption,2020-10-30 22:00:00-06:00,2020-05-01 20:00:00-07:00,438,1500000.0
308623,elecMeterLoad-011_SM-MS2,AOLTW.FPMETER-011.SM-MS2,,kWh,0.0,Electric Consumption,2020-10-30 22:00:00-06:00,2020-05-01 20:00:00-07:00,438,1500000.0
308624,elecMeterLoad-011_SM-MS3,AOLTW.FPMETER-011.SM-MS3,,kWh,0.0,Electric Consumption,2020-10-30 22:00:00-06:00,2020-05-01 20:00:00-07:00,438,1500000.0
308625,elecMeterLoad-014_BM-03S,AOLTW.FPMETER-014.BM-03S,,kWh,0.0,Electric Consumption,2020-10-30 22:00:00-06:00,2020-05-01 20:00:00-07:00,438,1500000.0
308626,elecMeterLoad-014_BM-4-1,AOLTW.FPMETER-014.BM-4-1.CHW,,kWh,0.0,Electric Consumption,2020-10-30 22:00:00-06:00,2020-05-01 20:00:00-07:00,438,1500000.0
308627,elecMeterLoad-014_BM-4-1,AOLTW.FPMETER-014.BM-4-1.HW,,kWh,0.0,Electric Consumption,2020-10-30 22:00:00-06:00,2020-05-01 20:00:00-07:00,438,1500000.0
308628,elecMeterLoad-014_BM-4-2,AOLTW.FPMETER-014.BM-4-2.CHW,,kWh,0.0,Electric Consumption,2020-10-30 22:00:00-06:00,2020-05-01 20:00:00-07:00,438,1500000.0
308629,elecMeterLoad-014_BM-4-2,AOLTW.FPMETER-014.BM-4-2.HW,,kWh,142.0,Electric Consumption,2020-10-30 22:00:00-06:00,2020-05-01 20:00:00-07:00,438,1500000.0
308630,elecMeterLoad-014_SM-006,AOLTW.FPMETER-014.SM-006,,kWh,6500.0,Electric Consumption,2020-10-30 22:00:00-06:00,2020-05-01 20:00:00-07:00,438,1500000.0
308631,elecMeterLoad-014_SM-023,AOLTW.FPMETER-014.SM-023,,kWh,0.0,Electric Consumption,2020-10-30 22:00:00-06:00,2020-05-01 20:00:00-07:00,438,1500000.0
308632,elecMeterLoad-014_SM-026,AOLTW.FPMETER-014.SM-026,,kWh,0.0,Electric Consumption,2020-10-30 22:00:00-06:00,2020-05-01 20:00:00-07:00,438,1500000.0
308633,elecMeterLoad-014_SM-028,AOLTW.FPMETER-014.SM-028,,kWh,0.0,Electric Consumption,2020-10-30 22:00:00-06:00,2020-05-01 20:00:00-07:00,438,1500000.0
308634,elecMeterLoad-014_SM-031,AOLTW.FPMETER-014.SM-031,,kWh,0.0,Electric Consumption,2020-10-30 22:00:00-06:00,2020-05-01 20:00:00-07:00,438,1500000.0
308635,elecMeterLoad-014_SM-032,Z_AOLTW.FPMETER-014.SM-032,,kWh,2760.0,Electric Consumption,2020-10-30 22:00:00-06:00,2020-05-01 20:00:00-07:00,438,1500000.0
308636,elecMeterLoad-014_WM-005,AOLTW.FPMETER-014.WM-005,,kWh,1260.0,Electric Consumption,2020-10-30 22:00:00-06:00,2020-05-01 20:00:00-07:00,438,1500000.0
308637,elecMeterLoad-017_BM-4-3,AOLTW.FPMETER-017.BM-4-3.CHW,,kWh,1146.0,Electric Consumption,2020-10-30 22:00:00-06:00,2020-05-01 20:00:00-07:00,438,1500000.0
308638,elecMeterLoad-017_BM-4-3,AOLTW.FPMETER-017.BM-4-3.HW,,kWh,0.0,Electric Consumption,2020-10-30 22:00:00-06:00,2020-05-01 20:00:00-07:00,438,1500000.0
308639,elecMeterLoad-017_BM-4-4,AOLTW.FPMETER-017.BM-4-4.CHW,,kWh,0.0,Electric Consumption,2020-10-30 22:00:00-06:00,2020-05-01 20:00:00-07:00,438,1500000.0
308640,elecMeterLoad-017_BM-4-4,AOLTW.FPMETER-017.BM-4-4.HW,,kWh,0.0,Electric Consumption,2020-10-30 22:00:00-06:00,2020-05-01 20:00:00-07:00,438,1500000.0
308641,elecMeterLoad-017_BM-4-5,AOLTW.FPMETER-017.BM-4-5.CHW,,kWh,0.0,Electric Consumption,2020-10-30 22:00:00-06:00,2020-05-01 20:00:00-07:00,438,1500000.0
308642,elecMeterLoad-017_BM-4-5,AOLTW.FPMETER-017.BM-4-5.HW,,kWh,266.0,Electric Consumption,2020-10-30 22:00:00-06:00,2020-05-01 20:00:00-07:00,438,1500000.0
308643,elecMeterLoad-017_BM-4-6,AOLTW.FPMETER-017.BM-4-6.CHW,,kWh,0.0,Electric Consumption,2020-10-30 22:00:00-06:00,2020-05-01 20:00:00-07:00,438,1500000.0
308644,elecMeterLoad-017_BM-4-6,AOLTW.FPMETER-017.BM-4-6.HW,,kWh,0.0,Electric Consumption,2020-10-30 22:00:00-06:00,2020-05-01 20:00:00-07:00,438,1500000.0
308645,elecMeterLoad-017_BM-4NH,AOLTW.FPMETER-017.BM-4NH,,kWh,330.0,Electric Consumption,2020-10-30 22:00:00-06:00,2020-05-01 20:00:00-07:00,438,1500000.0
308646,elecMeterLoad-017_BM-4NO,AOLTW.FPMETER-017.BM-4NO,,kWh,160.0,Electric Consumption,2020-10-30 22:00:00-06:00,2020-05-01 20:00:00-07:00,438,1500000.0
308647,elecMeterLoad-017_BM-4NR,AOLTW.FPMETER-017.BM-4NR,,kWh,240.0,Electric Consumption,2020-10-30 22:00:00-06:00,2020-05-01 20:00:00-07:00,438,1500000.0
308648,elecMeterLoad-017_SM-027,AOLTW.FPMETER-017.SM-027,,kWh,2600.0,Electric Consumption,2020-10-30 22:00:00-06:00,2020-05-01 20:00:00-07:00,438,1500000.0
308649,elecMeterLoad-017_SM-029,AOLTW.FPMETER-017.SM-029,,kWh,0.0,Electric Consumption,2020-10-30 22:00:00-06:00,2020-05-01 20:00:00-07:00,438,1500000.0
308650,elecMeterLoad-017_SM-030,AOLTW.FPMETER-017.SM-030,,kWh,0.0,Electric Consumption,2020-10-30 22:00:00-06:00,2020-05-01 20:00:00-07:00,438,1500000.0
308651,elecMeterLoad-017_WM-019,AOLTW.FPMETER-017.WM-019,,kWh,0.0,Electric Consumption,2020-10-30 22:00:00-06:00,2020-05-01 20:00:00-07:00,438,1500000.0
308652,elecMeterLoad-017_WM-020,AOLTW.FPMETER-017.WM-020,,kWh,0.0,Electric Consumption,2020-10-30 22:00:00-06:00,2020-05-01 20:00:00-07:00,438,1500000.0
308653,elecMeterLoad-017_WM-021,AOLTW.FPMETER-017.WM-021,,kWh,1100.0,Electric Consumption,2020-10-30 22:00:00-06:00,2020-05-01 20:00:00-07:00,438,1500000.0
308654,elecMeterLoad-017_WM-022,AOLTW.FPMETER-017.WM-022,,kWh,0.0,Electric Consumption,2020-10-30 22:00:00-06:00,2020-05-01 20:00:00-07:00,438,1500000.0
308655,elecMeterLoad-019_BM-11A,AOLTW.FPMETER-019.BM-11A,,kWh,10.0,Electric Consumption,2020-10-30 22:00:00-06:00,2020-05-01 20:00:00-07:00,438,1500000.0
308656,elecMeterLoad-019_BM-JZS,AOLTW.FPMETER-019.BM-JZS,,kWh,0.0,Electric Consumption,2020-10-30 22:00:00-06:00,2020-05-01 20:00:00-07:00,438,1500000.0
308657,elecMeterLoad-019_WM-007,AOLTW.FPMETER-019.WM-007,,kWh,980.0,Electric Consumption,2020-10-30 22:00:00-06:00,2020-05-01 20:00:00-07:00,438,1500000.0
308658,elecMeterLoad-020_SM-06A,AOLTW.FPMETER-020.SM-06A,,kWh,0.0,Electric Consumption,2020-10-30 22:00:00-06:00,2020-05-01 20:00:00-07:00,438,1500000.0
308659,elecMeterLoad-020_SM-06B,AOLTW.FPMETER-020.SM-06B,,kWh,0.0,Electric Consumption,2020-10-30 22:00:00-06:00,2020-05-01 20:00:00-07:00,438,1500000.0
308660,elecMeterLoad-020_SM-06B,AOLTW.FPMETER-020.SM-06B2,,kWh,0.0,Electric Consumption,2020-10-30 22:00:00-06:00,2020-05-01 20:00:00-07:00,438,1500000.0
308661,elecMeterLoad-022_BM-04S,AOLTW.FPMETER-022.BM-04S,,kWh,0.0,Electric Consumption,2020-10-30 22:00:00-06:00,2020-05-01 20:00:00-07:00,438,1500000.0
308662,elecMeterLoad-022_BM-4SO,AOLTW.FPMETER-022.BM-4SO,,kWh,0.0,Electric Consumption,2020-10-30 22:00:00-06:00,2020-05-01 20:00:00-07:00,438,1500000.0
308663,elecMeterLoad-022_BM-4SR,AOLTW.FPMETER-022.BM-4SR,,kWh,0.0,Electric Consumption,2020-10-30 22:00:00-06:00,2020-05-01 20:00:00-07:00,438,1500000.0
308664,elecMeterLoad-022_WM-018,AOLTW.FPMETER-022.WM-018,,kWh,50.0,Electric Consumption,2020-10-30 22:00:00-06:00,2020-05-01 20:00:00-07:00,438,1500000.0
308665,elecMeterLoad-022_WM-023,AOLTW.FPMETER-022.WM-023,,kWh,10840.0,Electric Consumption,2020-10-30 22:00:00-06:00,2020-05-01 20:00:00-07:00,438,1500000.0
308666,elecMeterLoad-024_BM-10N,AOLTW.FPMETER-024.BM-10N,,kWh,0.0,Electric Consumption,2020-10-30 22:00:00-06:00,2020-05-01 20:00:00-07:00,438,1500000.0
308667,elecMeterLoad-024_SM-10N,AOLTW.FPMETER-024.SM-10N,,kWh,0.0,Electric Consumption,2020-10-30 22:00:00-06:00,2020-05-01 20:00:00-07:00,438,1500000.0
308668,elecMeterLoad-024_WM-011,AOLTW.FPMETER-024.WM-011,,kWh,380.0,Electric Consumption,2020-10-30 22:00:00-06:00,2020-05-01 20:00:00-07:00,438,1500000.0
308669,elecMeterLoad-026_BM-003,AOLTW.FPMETER-026.BM-003,,kWh,14210.0,Electric Consumption,2020-10-30 22:00:00-06:00,2020-05-01 20:00:00-07:00,438,1500000.0
308670,elecMeterLoad-026_BM-008,AOLTW.FPMETER-026.BM-008,,kWh,13350.0,Electric Consumption,2020-10-30 22:00:00-06:00,2020-05-01 20:00:00-07:00,438,1500000.0
308671,elecMeterLoad-026_BM-0CH,AOLTW.FPMETER-026.BM-0CH,,kWh,135900.0,Electric Consumption,2020-10-30 22:00:00-06:00,2020-05-01 20:00:00-07:00,438,1500000.0
308672,elecMeterLoad-027_BM-001,AOLTW.FPMETER-027.BM-001,,kWh,27460.0,Electric Consumption,2020-10-30 22:00:00-06:00,2020-05-01 20:00:00-07:00,438,1500000.0
308673,elecMeterLoad-027_BM-002,AOLTW.FPMETER-027.BM-002,,kWh,6450.0,Electric Consumption,2020-10-30 22:00:00-06:00,2020-05-01 20:00:00-07:00,438,1500000.0
308674,elecMeterLoad-027_BM-004,AOLTW.FPMETER-027.BM-004,,kWh,62370.0,Electric Consumption,2020-10-30 22:00:00-06:00,2020-05-01 20:00:00-07:00,438,1500000.0
308675,elecMeterLoad-028_SM-012,AOLTW.FPMETER-028.SM-012,,kWh,0.0,Electric Consumption,2020-10-30 22:00:00-06:00,2020-05-01 20:00:00-07:00,438,1500000.0
308676,elecMeterLoad-028_SM-013,AOLTW.FPMETER-028.SM-013,,kWh,19600.0,Electric Consumption,2020-10-30 22:00:00-06:00,2020-05-01 20:00:00-07:00,438,1500000.0
308677,elecMeterLoad-028_SM-017,AOLTW.FPMETER-028.SM-017,,kWh,0.0,Electric Consumption,2020-10-30 22:00:00-06:00,2020-05-01 20:00:00-07:00,438,1500000.0
308678,elecMeterLoad-028_SM-13A,AOLTW.FPMETER-028.SM-13A,,kWh,14800.0,Electric Consumption,2020-10-30 22:00:00-06:00,2020-05-01 20:00:00-07:00,438,1500000.0
308679,elecMeterLoad-028_WM-016,AOLTW.FPMETER-028.WM-016,,kWh,10720.0,Electric Consumption,2020-10-30 22:00:00-06:00,2020-05-01 20:00:00-07:00,438,1500000.0
308680,elecMeterLoad-032_SM-021,AOLTW.FPMETER-032.SM-021,,kWh,5100.0,Electric Consumption,2020-10-30 22:00:00-06:00,2020-05-01 20:00:00-07:00,438,1500000.0
308681,elecMeterLoad-032_WM-017,AOLTW.FPMETER-032.WM-017,,kWh,5930.0,Electric Consumption,2020-10-30 22:00:00-06:00,2020-05-01 20:00:00-07:00,438,1500000.0
308682,elecMeterLoad-034_BM-12N,AOLTW.FPMETER-034.BM-12N,,kWh,0.0,Electric Consumption,2020-10-30 22:00:00-06:00,2020-05-01 20:00:00-07:00,438,1500000.0
308683,elecMeterLoad-035_BM-13N,AOLTW.FPMETER-035.BM-13N,,kWh,0.0,Electric Consumption,2020-10-30 22:00:00-06:00,2020-05-01 20:00:00-07:00,438,1500000.0
308684,elecMeterLoad-036_BM-14N,AOLTW.FPMETER-036.BM-14N,,kWh,0.0,Electric Consumption,2020-10-30 22:00:00-06:00,2020-05-01 20:00:00-07:00,438,1500000.0
308685,elecMeterLoad-036_BM-14N,AOLTW.FPMETER-036.BM-14N1,,kWh,922.0,Electric Consumption,2020-10-30 22:00:00-06:00,2020-05-01 20:00:00-07:00,438,1500000.0
308686,elecMeterLoad-037_BM-15N,AOLTW.FPMETER-037.BM-15N,,kWh,0.0,Electric Consumption,2020-10-30 22:00:00-06:00,2020-05-01 20:00:00-07:00,438,1500000.0
308687,elecMeterLoad-038_BM-16N,AOLTW.FPMETER-038.BM-16N,,kWh,0.0,Electric Consumption,2020-10-30 22:00:00-06:00,2020-05-01 20:00:00-07:00,438,1500000.0
308688,elecMeterLoad-038_BM-16N,AOLTW.FPMETER-038.BM-16N1,,kWh,326.0,Electric Consumption,2020-10-30 22:00:00-06:00,2020-05-01 20:00:00-07:00,438,1500000.0
308689,elecMeterLoad-041_BM-005,AOLTW.FPMETER-041.BM-005,,kWh,2000.0,Electric Consumption,2020-10-30 22:00:00-06:00,2020-05-01 20:00:00-07:00,438,1500000.0
308690,elecMeterLoad-041_BM-005,AOLTW.FPMETER-041.BM-0051,,kWh,170.0,Electric Consumption,2020-10-30 22:00:00-06:00,2020-05-01 20:00:00-07:00,438,1500000.0
308691,elecMeterLoad-041_BM-005,AOLTW.FPMETER-041.BM-0052,,kWh,0.0,Electric Consumption,2020-10-30 22:00:00-06:00,2020-05-01 20:00:00-07:00,438,1500000.0
308692,elecMeterLoad-041_BM-005,AOLTW.FPMETER-041.BM-0053,,kWh,540.0,Electric Consumption,2020-10-30 22:00:00-06:00,2020-05-01 20:00:00-07:00,438,1500000.0
308693,elecMeterLoad-041_BM-006,AOLTW.FPMETER-041.BM-006,,kWh,7030.0,Electric Consumption,2020-10-30 22:00:00-06:00,2020-05-01 20:00:00-07:00,438,1500000.0
308694,elecMeterLoad-041_BM-007,AOLTW.FPMETER-041.BM-007,,kWh,5590.0,Electric Consumption,2020-10-30 22:00:00-06:00,2020-05-01 20:00:00-07:00,438,1500000.0
308695,elecMeterLoad-041_SM-007,AOLTW.FPMETER-041.SM-007,,kWh,0.0,Electric Consumption,2020-10-30 22:00:00-06:00,2020-05-01 20:00:00-07:00,438,1500000.0
308696,elecMeterLoad-041_SM-008,AOLTW.FPMETER-041.SM-008,,kWh,1400.0,Electric Consumption,2020-10-30 22:00:00-06:00,2020-05-01 20:00:00-07:00,438,1500000.0
308697,elecMeterLoad-041_SM-009,AOLTW.FPMETER-041.SM-009,,kWh,0.0,Electric Consumption,2020-10-30 22:00:00-06:00,2020-05-01 20:00:00-07:00,438,1500000.0
308698,elecMeterLoad-041_SM-010,AOLTW.FPMETER-041.SM-010,,kWh,0.0,Electric Consumption,2020-10-30 22:00:00-06:00,2020-05-01 20:00:00-07:00,438,1500000.0
308699,elecMeterLoad-041_SM-011,AOLTW.FPMETER-041.SM-011,,kWh,0.0,Electric Consumption,2020-10-30 22:00:00-06:00,2020-05-01 20:00:00-07:00,438,1500000.0
308700,elecMeterLoad-041_SM-022,AOLTW.FPMETER-041.SM-022,,kWh,0.0,Electric Consumption,2020-10-30 22:00:00-06:00,2020-05-01 20:00:00-07:00,438,1500000.0
308701,elecMeterLoad-043_SM-014,AOLTW.FPMETER-043.SM-014,,kWh,0.0,Electric Consumption,2020-10-30 22:00:00-06:00,2020-05-01 20:00:00-07:00,438,1500000.0
308702,elecMeterLoad-043_SM-015,AOLTW.FPMETER-043.SM-015,,kWh,0.0,Electric Consumption,2020-10-30 22:00:00-06:00,2020-05-01 20:00:00-07:00,438,1500000.0
308703,elecMeterLoad-043_SM-016,AOLTW.FPMETER-043.SM-016,,kWh,0.0,Electric Consumption,2020-10-30 22:00:00-06:00,2020-05-01 20:00:00-07:00,438,1500000.0
308704,elecMeterLoad-043_SM-018,AOLTW.FPMETER-043.SM-018,,kWh,1500.0,Electric Consumption,2020-10-30 22:00:00-06:00,2020-05-01 20:00:00-07:00,438,1500000.0
308705,elecMeterLoad-043_WM-013,AOLTW.FPMETER-043.WM-013,,kWh,5760.0,Electric Consumption,2020-10-30 22:00:00-06:00,2020-05-01 20:00:00-07:00,438,1500000.0
308706,elecMeterLoad-043_WM-12A,AOLTW.FPMETER-043.WM-12A,,kWh,0.0,Electric Consumption,2020-10-30 22:00:00-06:00,2020-05-01 20:00:00-07:00,438,1500000.0
308707,elecMeterLoad-043_WM-12B,AOLTW.FPMETER-043.WM-12B,,kWh,42920.0,Electric Consumption,2020-10-30 22:00:00-06:00,2020-05-01 20:00:00-07:00,438,1500000.0
308708,elecMeterLoad-043_WM-12C,AOLTW.FPMETER-043.WM-12C,,kWh,0.0,Electric Consumption,2020-10-30 22:00:00-06:00,2020-05-01 20:00:00-07:00,438,1500000.0
308709,elecMeterLoad-043_WM-12D,AOLTW.FPMETER-043.WM-12D,,kWh,70.0,Electric Consumption,2020-10-30 22:00:00-06:00,2020-05-01 20:00:00-07:00,438,1500000.0
308710,elecMeterLoad-046_SM-019,AOLTW.FPMETER-046.SM-019,,kWh,200.0,Electric Consumption,2020-10-30 22:00:00-06:00,2020-05-01 20:00:00-07:00,438,1500000.0
308711,elecMeterLoad-050_BM-381,AOLTW.FPMETER-050.BM-381,,kWh,310.0,Electric Consumption,2020-10-30 22:00:00-06:00,2020-05-01 20:00:00-07:00,438,1500000.0
308712,elecMeterLoad-050_BM-382,AOLTW.FPMETER-050.BM-382,,kWh,130.0,Electric Consumption,2020-10-30 22:00:00-06:00,2020-05-01 20:00:00-07:00,438,1500000.0
308713,elecMeterLoad-052_BM-0CT,AOLTW.FPMETER-052.BM-0CT,,kWh,164450.0,Electric Consumption,2020-10-30 22:00:00-06:00,2020-05-01 20:00:00-07:00,438,1500000.0
308714,elecMeterLoad-052_WM-015,AOLTW.FPMETER-052.WM-015,,kWh,15470.0,Electric Consumption,2020-10-30 22:00:00-06:00,2020-05-01 20:00:00-07:00,438,1500000.0
308715,elecMeterLoad-053_SM-020,AOLTW.FPMETER-053.SM-020,,kWh,32400.0,Electric Consumption,2020-10-30 22:00:00-06:00,2020-05-01 20:00:00-07:00,438,1500000.0
308716,elecMeterLoad-053_WM-014,AOLTW.FPMETER-053.WM-014,,kWh,4930.0,Electric Consumption,2020-10-30 22:00:00-06:00,2020-05-01 20:00:00-07:00,438,1500000.0
344909,elecMeterLoad-12788971,Meter #12788971_value,,,176.0,Electric Consumption,2020-09-15 21:45:00-06:00,2020-08-18 07:25:00-07:00,112,210000.0
344910,elecMeterLoad-12788972,Meter #12788972_value,,,841.19,Electric Consumption,2020-09-15 21:45:00-06:00,2020-08-18 07:25:00-07:00,112,210000.0
344911,elecMeterLoad-12788978,Meter #12788978_value,,,1.8,Electric Consumption,2020-09-15 21:45:00-06:00,2020-08-18 07:25:00-07:00,112,210000.0
320450,elecMeterLoad-150,Rye Terrace: 150 Building B Meter-Electric Demand,,kWh,0.15,Electric Consumption,2020-11-30 22:45:00-06:00,2020-10-07 15:30:00-07:00,442,205000.0
320452,elecMeterLoad-150,Rye Terrace: 150 Building B Meter-Electric kWh,,kWh,20,Electric Consumption,2021-05-13 11:45:00-06:00,2020-12-31 22:00:00-07:00,442,205000.0
320453,elecMeterLoad-160,Rye Village: 160 Building B Meter-Electric Demand,,kWh,0.07,Electric Consumption,2020-11-30 22:45:00-06:00,2020-10-07 15:30:00-07:00,442,205000.0
194198,elecMeterLoad-6653420,Base Building ConEd #6653420_value,Base Building ConEd #6653420_value,kWh,641.0,Electric Consumption,2020-08-17 14:16:19-06:00,2017-09-11 21:00:00-07:00,112,210000.0
344912,elecMeterLoad-6653420,Meter #6653420 dmd value,,,16.0,Electric Consumption,2021-09-15 21:45:00-06:00,2021-03-15 21:00:00-07:00,112,210000.0
344913,elecMeterLoad-6653420,Meter #6653420 value,,,873.0,Electric Consumption,2021-09-15 21:45:00-06:00,2021-03-15 21:00:00-07:00,112,210000.0
344914,elecMeterLoad-6653420,Meter #6653420_value,,,890.0,Electric Consumption,2020-09-15 21:45:00-06:00,2020-08-18 07:25:00-07:00,112,210000.0
344915,elecMeterLoad-693014,Meter #0693014_value,,,11.83,Electric Consumption,2020-09-15 21:45:00-06:00,2020-08-18 07:25:00-07:00,112,210000.0
344916,elecMeterLoad-693015,Meter #0693015_value,,,28.98,Electric Consumption,2020-09-15 21:45:00-06:00,2020-08-18 07:25:00-07:00,112,210000.0
344917,elecMeterLoad-693017,Meter #0693017_value,,,88.98,Electric Consumption,2020-09-15 21:45:00-06:00,2020-08-18 07:25:00-07:00,112,210000.0
194199,elecMeterLoad-7860027,Base Building ConEd  #7860027_value,Base Building ConEd  #7860027_value,kWh,2665.0,Electric Consumption,2020-08-17 14:16:19-06:00,2017-09-11 21:00:00-07:00,112,210000.0
344918,elecMeterLoad-7860027,Meter #7860027 dmd value,,,32.0,Electric Consumption,2021-09-15 21:45:00-06:00,2021-03-15 21:00:00-07:00,112,210000.0
344919,elecMeterLoad-7860027,Meter #7860027 value,,,4021.0,Electric Consumption,2021-09-15 21:45:00-06:00,2021-03-15 21:00:00-07:00,112,210000.0
344920,elecMeterLoad-7860027,Meter #7860027_value,,,2301.0,Electric Consumption,2020-09-15 21:45:00-06:00,2020-08-18 07:25:00-07:00,112,210000.0
344921,elecMeterLoad-8094858,Meter #8094858_value,,,2302.8,Electric Consumption,2020-09-15 21:45:00-06:00,2020-08-18 07:25:00-07:00,112,210000.0
194200,elecMeterLoad-8094859,Base Building ConEd #8094859_value,Base Building ConEd #8094859_value,kWh,1856.75,Electric Consumption,2020-08-17 14:16:19-06:00,2017-09-11 21:00:00-07:00,112,210000.0
344922,elecMeterLoad-8094859,Meter #8094859 dmd value,,,1.0,Electric Consumption,2021-09-15 21:45:00-06:00,2021-03-15 21:00:00-07:00,112,210000.0
344923,elecMeterLoad-8094859,Meter #8094859 value,,,2201.75,Electric Consumption,2021-09-15 21:45:00-06:00,2021-03-15 21:00:00-07:00,112,210000.0
344924,elecMeterLoad-8094859,Meter #8094859_value,,,749.75,Electric Consumption,2020-09-15 21:45:00-06:00,2020-08-18 07:20:00-07:00,112,210000.0
306123,elecMeterLoad-site,333 Lenox Road Cellar Electric Meter Room Meter Electric kWh Total,,kWh,0,Electric Consumption,2020-12-31 22:45:00-06:00,2020-02-27 11:30:00-07:00,434,56090.0
344925,elecMeterLoad-site,Electric Total Consumption value,,,7095.75,Electric Consumption,2021-09-15 21:45:00-06:00,2021-03-15 21:00:00-07:00,112,210000.0
194197,elecMeterLoad-site,Electric Total Consumption_value,Electric Total Consumption_value,,5148.13,Electric Consumption,2020-08-17 14:15:00-06:00,2019-03-12 21:00:00-07:00,112,210000.0
344926,elecMeterLoad-site,Energy Electric Consumption value,,,30.98,Electric Consumption,2021-03-15 21:45:00-06:00,2020-09-15 21:00:00-07:00,112,210000.0
344927,elecMeterLoad-site,Energy Total Consumption value,,,95.75,Electric Consumption,2021-03-15 21:45:00-06:00,2020-09-15 21:00:00-07:00,112,210000.0
280350,elecMeterLoad-site,M.E.R. Meter Electric kWh Total,,kWh,46,Electric Consumption,2020-11-30 22:45:00-06:00,2019-12-31 22:00:00-07:00,423,119710.0
194195,elecMeterLoad-site,Total Base Building Consumption_value,Total Base Building Consumption_value,,4665.15,Electric Consumption,2019-03-12 21:55:00-06:00,2017-09-11 21:00:00-07:00,112,210000.0
197088,elecMeter-site,CurrentDemand_Building_value,CurrentDemand_Building_value,kWh,258.87,Electric Consumption,2018-05-31 21:45:00-06:00,2017-11-30 22:00:00-07:00,121,236067.0
230058,elecMeter-site,Main Meter_v0,Main Meter_v0,kWh,178.20,Electric Consumption,2020-05-15 02:45:00-06:00,2019-07-31 21:00:00-07:00,393,1100000.0
230059,elecMeter-site,Main Meter_v1,Main Meter_v1,kWh,211.92,Electric Consumption,2020-07-31 21:45:00-06:00,2019-07-31 21:00:00-07:00,393,1100000.0
205078,elecMeter-site,Total Electric Consumption value,Total Electric Consumption_value,,8559.0,Electric Consumption,2021-06-10 21:50:00-06:00,2019-12-09 22:00:00-07:00,217,229154.0
427774,elecMeter-site,Total Electric Consumption_value,,,,Electric Consumption,,,217,229154.0
359925,elecMeter-submeter-1,Tenant Submeter 1 value,,,131.53,Electric Consumption,2021-06-10 21:45:01-06:00,2021-03-19 15:15:00-07:00,217,229154.0
359926,elecMeter-submeter-2,Tenant Submeter 2 value,,,0.0,Electric Consumption,2021-06-10 21:45:01-06:00,2021-03-19 15:15:00-07:00,217,229154.0
359927,elecMeter-submeter-3,Tenant Submeter 3 value,,,394.37,Electric Consumption,2021-06-10 21:45:01-06:00,2021-03-19 15:15:00-07:00,217,229154.0
359928,elecMeter-submeter-6,Tenant Submeter 6 value,,,0.0,Electric Consumption,2021-06-10 21:45:01-06:00,2021-03-19 15:15:00-07:00,217,229154.0
359929,elecMeter-submeter-7,Tenant Submeter 7 value,,,0.0,Electric Consumption,2021-06-10 21:45:01-06:00,2021-03-19 15:15:00-07:00,217,229154.0
207778,elecPanel,,Lighting Panel,kWh,1.60,Electric Consumption,2019-09-08 20:00:00-06:00,2018-09-08 21:00:00-07:00,236,144000.0
193854,elecPanel-basement-main,,Basement Main,kWh,24.16,Electric Consumption,2019-06-30 21:00:00-06:00,2018-06-30 21:00:00-07:00,107,50000.0
193855,elecPanel-floor12-ac,,12th Fl AC,kWh,11.60,Electric Consumption,2019-06-30 21:00:00-06:00,2018-06-30 21:00:00-07:00,107,50000.0
193856,elecPanel-floor12-edh12-1,,12th Fl EDH-12-1,kWh,0.01,Electric Consumption,2019-06-30 21:00:00-06:00,2018-06-30 21:00:00-07:00,107,50000.0
193857,elecPanel-floor12-edh12-2,,12th Fl EDH-12-2,kWh,0.0,Electric Consumption,2019-06-30 21:00:00-06:00,2018-06-30 21:00:00-07:00,107,50000.0
193858,elecPanel-floor12-ewh2,,12th Fl EWH-2,kWh,0.0,Electric Consumption,2019-06-30 21:00:00-06:00,2018-06-30 21:00:00-07:00,107,50000.0
193859,elecPanel-floor12-heatTrace,,12th Fl Heat Trace,kWh,0.00,Electric Consumption,2019-06-30 21:00:00-06:00,2018-06-30 21:00:00-07:00,107,50000.0
193860,elecPanel-floor12-hotWaterDispenser,,12th Fl Hot Water Dispenser,kWh,0.02,Electric Consumption,2019-06-30 21:00:00-06:00,2018-06-30 21:00:00-07:00,107,50000.0
193861,elecPanel-floor12-lighting,,12th Fl Lighting,kWh,1.61,Electric Consumption,2019-06-30 21:00:00-06:00,2018-06-30 21:00:00-07:00,107,50000.0
193862,elecPanel-floor12-main,,12th Fl Main,kWh,3.61,Electric Consumption,2019-06-30 21:00:00-06:00,2018-06-30 21:00:00-07:00,107,50000.0
193863,elecPanel-floor12-pp12,,12th Fl Panel PP-12 Main,kWh,12.40,Electric Consumption,2019-06-30 21:00:00-06:00,2018-06-30 21:00:00-07:00,107,50000.0
193864,elecPanel-floor16-hvac,,16th Fl HVAC,kWh,0.35,Electric Consumption,2019-06-30 21:00:00-06:00,2018-06-30 21:00:00-07:00,107,50000.0
193865,elecPanel-floor16-lighting,,16th Fl Lighting,kWh,0.95,Electric Consumption,2019-06-30 21:00:00-06:00,2018-06-30 21:00:00-07:00,107,50000.0
193866,elecPanel-floor16-main,,16th Fl Main,kWh,2.71,Electric Consumption,2019-06-30 21:00:00-06:00,2018-06-30 21:00:00-07:00,107,50000.0
193867,elecPanel-floor16-printersCopier,,16th Fl Printers Copier,kWh,0.07,Electric Consumption,2019-06-30 21:00:00-06:00,2018-06-30 21:00:00-07:00,107,50000.0
193868,elecPanel-floor16-waterDispenser,,16th Fl Water Dispenser,kWh,0.69,Electric Consumption,2019-06-30 21:00:00-06:00,2018-06-30 21:00:00-07:00,107,50000.0
193869,elecPanel-floor17-copier,,17th Fl Copier,kWh,0.00,Electric Consumption,2019-06-30 21:00:00-06:00,2018-06-30 21:00:00-07:00,107,50000.0
193870,elecPanel-floor17-dishwasherA,,17th Fl Dishwasher A,kWh,0.0,Electric Consumption,2019-06-30 21:00:00-06:00,2018-06-30 21:00:00-07:00,107,50000.0
193871,elecPanel-floor17-dishwasherB,,17th Fl Dishwasher B,kWh,0.0,Electric Consumption,2019-06-30 21:00:00-06:00,2018-06-30 21:00:00-07:00,107,50000.0
193872,elecPanel-floor17-fridgeA,,17th Fl Fridge A,kWh,0.04,Electric Consumption,2019-06-30 21:00:00-06:00,2018-06-30 21:00:00-07:00,107,50000.0
193873,elecPanel-floor17-fridgeB,,17th Fl Fridge B,kWh,0.01,Electric Consumption,2019-06-30 21:00:00-06:00,2018-06-30 21:00:00-07:00,107,50000.0
193874,elecPanel-floor17-hvac,,17th Fl HVAC,kWh,0.30,Electric Consumption,2019-06-30 21:00:00-06:00,2018-06-30 21:00:00-07:00,107,50000.0
193875,elecPanel-floor17-lightingA,,17th Fl Lighting A,kWh,0.77,Electric Consumption,2019-06-30 21:00:00-06:00,2018-06-30 21:00:00-07:00,107,50000.0
193876,elecPanel-floor17-lightingB,,17th Fl Lighting B,kWh,0.00,Electric Consumption,2019-06-30 21:00:00-06:00,2018-06-30 21:00:00-07:00,107,50000.0
193877,elecPanel-floor17-main,,17th Fl Main,kWh,4.23,Electric Consumption,2019-06-30 21:00:00-06:00,2018-06-30 21:00:00-07:00,107,50000.0
193878,elecPanel-floor17-printer,,17th Fl Printer,kWh,0.00,Electric Consumption,2019-06-30 21:00:00-06:00,2018-06-30 21:00:00-07:00,107,50000.0
193879,elecPanel-floor17-vendingMachine,,17th Fl Vending Machine,kWh,0.20,Electric Consumption,2019-06-30 21:00:00-06:00,2018-06-30 21:00:00-07:00,107,50000.0
193881,elecPanel-floor18-ahu18-1,,18th Fl AHU-18-1,kWh,0.02,Electric Consumption,2019-06-30 21:00:00-06:00,2018-06-30 21:00:00-07:00,107,50000.0
193882,elecPanel-floor18-ahu18-2,,18th Fl AHU-18-2,kWh,0.02,Electric Consumption,2019-06-30 21:00:00-06:00,2018-06-30 21:00:00-07:00,107,50000.0
193883,elecPanel-floor18-airCooledCondenser,,18th Fl Air Cooled Condenser,kWh,0.09,Electric Consumption,2019-06-30 21:00:00-06:00,2018-06-30 21:00:00-07:00,107,50000.0
193884,elecPanel-floor18-dishwasher,,18th Fl Dishwasher,kWh,0.0,Electric Consumption,2019-06-30 21:00:00-06:00,2018-06-30 21:00:00-07:00,107,50000.0
193885,elecPanel-floor18-hvac,,18th Fl HVAC,kWh,0.15,Electric Consumption,2019-06-30 21:00:00-06:00,2018-06-30 21:00:00-07:00,107,50000.0
193880,elecPanel-floor18-ITRoom,,18th Fl IT Room,kWh,0.00,Electric Consumption,2019-06-30 21:00:00-06:00,2018-06-30 21:00:00-07:00,107,50000.0
193887,elecPanel-floor18-liebertWaterCooled,,18th Fl Liebert Water Cooled,kWh,2.09,Electric Consumption,2019-06-30 21:00:00-06:00,2018-06-30 21:00:00-07:00,107,50000.0
193888,elecPanel-floor18-lighting,,18th Fl Lighting,kWh,1.24,Electric Consumption,2019-06-30 21:00:00-06:00,2018-06-30 21:00:00-07:00,107,50000.0
193889,elecPanel-floor18-main,,18th Fl Main,kWh,1.83,Electric Consumption,2019-06-30 21:00:00-06:00,2018-06-30 21:00:00-07:00,107,50000.0
193890,elecPanel-floor18-rf18-1,,18th Fl RF-18-1,kWh,0.00,Electric Consumption,2019-06-30 21:00:00-06:00,2018-06-30 21:00:00-07:00,107,50000.0
193891,elecPanel-floor18-upsITRoom,,18th Fl UPS IT Room,kWh,8.97,Electric Consumption,2019-06-30 21:00:00-06:00,2018-06-30 21:00:00-07:00,107,50000.0
193892,elecPanel-floor18-waterDispenser,,18th Fl Water Dispenser,kWh,0.02,Electric Consumption,2019-06-30 21:00:00-06:00,2018-06-30 21:00:00-07:00,107,50000.0
202743,elecPanel-site,,Lighting Panel,kWh,3.57,Electric Consumption,2019-09-05 20:00:00-06:00,2018-09-05 21:00:00-07:00,188,144000.0
227146,meter1,,150 East 34th Street BTU Meter 1 - Vacuum Pump Total Energy,kWh,54808848,Electric Consumption,2019-09-19 22:15:00-06:00,2019-03-18 20:45:01-07:00,371,176584.0
197411,meter-10-1,,ATS-10-1 N KW Hours Net_value,kWh,0.0,Electric Consumption,2019-10-03 21:56:18-06:00,2019-09-12 09:57:53-07:00,129,1200000.0
197412,meter-10-1,,ATS-10-1 E KW Hours Net_value,kWh,1446.0,Electric Consumption,2019-10-03 21:56:17-06:00,2019-09-12 09:57:53-07:00,129,1200000.0
197413,meter-11-1,,ATS-11-1 N KW Hours Net_value,kWh,1486.0,Electric Consumption,2019-10-03 21:56:18-06:00,2019-09-12 09:57:53-07:00,129,1200000.0
197414,meter-11-1,,ATS-11-1 E KW Hours Net_value,kWh,0.0,Electric Consumption,2019-10-03 21:56:19-06:00,2019-09-12 09:57:53-07:00,129,1200000.0
193818,meter12-coolerFreezer,,Combo Cooler / Freezer,kWh,15.0,Electric Consumption,2019-10-02 07:00:00-06:00,2017-11-20 12:00:00-07:00,105,56000.0
197415,meter-16-11E-chiller5,,Chiller 5 ATS-16-11 E KW Hours Net_value,kWh,0.0,Electric Consumption,2019-10-03 21:56:18-06:00,2019-04-02 21:10:07-07:00,129,1200000.0
197416,meter-16-11N-chiller5,,Chiller 5 ATS-16-11 N KW Hours Net_value,kWh,4.0,Electric Consumption,2019-10-03 21:56:19-06:00,2019-04-02 21:10:16-07:00,129,1200000.0
197417,meter-16-3E-elevators,,Elevators ATS-16-3 E KW Hours Net_value,kWh,0.0,Electric Consumption,2019-10-03 21:56:19-06:00,2019-04-02 21:10:19-07:00,129,1200000.0
197418,meter-16-3N-elevators,,Elevators ATS-16-3 N KW Hours Net_value,kWh,8610.0,Electric Consumption,2019-10-03 21:56:18-06:00,2019-04-02 21:10:16-07:00,129,1200000.0
197419,meter-16-6E-elevators,,Elevators ATS-16-6 E KW Hours Net_value,kWh,0.0,Electric Consumption,2019-10-03 21:56:17-06:00,2019-04-02 21:10:07-07:00,129,1200000.0
197420,meter-16-6N-elevators,,Elevators ATS-16-6 N KW Hours Net_value,kWh,9300.0,Electric Consumption,2019-10-03 21:56:18-06:00,2019-04-02 21:10:16-07:00,129,1200000.0
197421,meter-16-7E-chiller1,,Chiller 1 ATS-16-7 E KW Hours Net_value,kWh,0.0,Electric Consumption,2019-10-03 21:56:20-06:00,2019-04-02 21:10:07-07:00,129,1200000.0
197422,meter-16-7N-chiller1,,Chiller 1 ATS-16-7 N KW Hours Net_value,kWh,6479.0,Electric Consumption,2019-10-03 21:56:19-06:00,2019-04-02 21:10:13-07:00,129,1200000.0
197423,meter-16-8E-chiller2,,Chiller 2 ATS-16-8 E KW Hours Net_value,kWh,0.0,Electric Consumption,2019-10-03 21:56:19-06:00,2019-04-02 21:10:07-07:00,129,1200000.0
197424,meter-16-8N-chiller2,,Chiller 2 ATS-16-8 N KW Hours Net_value,kWh,0.0,Electric Consumption,2019-10-03 21:56:18-06:00,2019-04-02 21:10:07-07:00,129,1200000.0
197425,meter-16-9E-chiller3,,Chiller 3 ATS-16-9 E KW Hours Net_value,kWh,0.0,Electric Consumption,2019-10-03 21:56:19-06:00,2019-04-02 21:10:07-07:00,129,1200000.0
197426,meter-16-9N-chiller3,,Chiller 3 ATS-16-9 N KW Hours Net_value,kWh,594.0,Electric Consumption,2019-10-03 21:56:17-06:00,2019-04-02 21:10:07-07:00,129,1200000.0
268297,meter1-electric,,MSKCC Electric Meter 1 BAIC_BM_CONED_EMTR1,kWh,2635648.0,Electric Consumption,2018-12-31 23:05:00-06:00,2018-03-31 20:55:00-07:00,420,236000.0
197130,meter1-mugFroster,,Mug Froster 1,kWh,0.0,Electric Consumption,2019-10-02 07:00:00-06:00,2017-11-28 10:00:00-07:00,122,56000.0
193817,meter1-mugFroster1,,Mug Froster 1,kWh,0.0,Electric Consumption,2019-10-02 07:00:00-06:00,2017-11-20 12:00:00-07:00,105,56000.0
199222,meter1-mugFroster1,,Mug Frosters,kWh,0.0,Electric Consumption,2019-10-02 07:00:00-06:00,2017-12-05 15:00:00-07:00,157,56000.0
212710,meter1-mugFrosters,,Mug Froster 1,kWh,0.0,Electric Consumption,2019-10-02 07:00:00-06:00,2017-12-19 14:00:00-07:00,282,56000.0
227908,meter1-mugFrosters,,Mug Refer,kWh,0.0,Electric Consumption,2019-10-02 07:00:00-06:00,2017-12-01 13:00:00-07:00,380,56000.0
200597,meter1-mugFrosters,,Mug Frosters,kWh,413.0,Electric Consumption,2019-10-02 07:00:00-06:00,2017-12-04 13:00:00-07:00,164,56000.0
212711,meter1-mugFrosters,,Mug Froster 2,kWh,0.0,Electric Consumption,2019-10-02 07:00:00-06:00,2017-12-19 14:00:00-07:00,282,56000.0
227909,meter1-mugFrosters,,Two Mug Frosters,kWh,0.0,Electric Consumption,2019-10-02 07:00:00-06:00,2017-12-01 13:00:00-07:00,380,56000.0
283456,meter1-site,480 W 42nd St - Signature Theatre Circuit1 Demand_1,,kWh,3.89,Electric Consumption,2020-11-30 22:45:00-06:00,2017-11-30 22:00:00-07:00,426,80000.0
283457,meter1-site,480 W 42nd St - Signature Theatre Circuit1 EconsumpH_1,,kWh,710978.75,Electric Consumption,2020-11-30 22:00:00-06:00,2017-11-30 22:00:00-07:00,426,80000.0
283458,meter1-site,480 W 42nd St - Signature Theatre Circuit1 EConsumpL_1,,kWh,710978.75,Electric Consumption,2020-11-30 22:00:00-06:00,2017-11-30 22:00:00-07:00,426,80000.0
197084,meter1-steam,,1700 Broadway - Base Bldg Steam Meters Con Ed Steam Meter 1,kWh,0,Electric Consumption,2018-11-30 22:45:00-06:00,2018-08-31 21:00:00-07:00,120,600000.0
197441,meter1-steam,,Line 1 Steam Consumption_value,kWh,0.0,Electric Consumption,2019-10-03 21:55:00-06:00,2019-04-02 21:05:00-07:00,129,1200000.0
268298,meter1-steam,,MSKCC Steam Meter 1 BAIC_BM_CONED_SMTR1,kWh,8534940.0,Electric Consumption,2018-12-31 23:05:00-06:00,2018-03-31 20:55:00-07:00,420,236000.0
268299,meter2-electric,,MSKCC Electric Meter 2 BAIC_BM_CONED_EMTR2,kWh,2730434.0,Electric Consumption,2018-12-31 23:05:00-06:00,2018-03-31 20:55:00-07:00,420,236000.0
216723,meter2-heatLamps,,Heat Lamps 3,kWh,0.0,Electric Consumption,2019-10-01 06:00:00-06:00,2017-12-18 11:00:00-07:00,307,56000.0
212712,meter2-heatLamps,,Heat Lamps 24/26,kWh,0.0,Electric Consumption,2019-10-02 07:00:00-06:00,2017-12-19 14:00:00-07:00,282,56000.0
212713,meter2-heatLamps,,Heat Lamps 38/30,kWh,0.0,Electric Consumption,2019-10-02 07:00:00-06:00,2017-12-19 14:00:00-07:00,282,56000.0
216721,meter2-heatLamps,,Heat Lamps 1,kWh,0.0,Electric Consumption,2019-10-01 06:00:00-06:00,2017-12-18 11:00:00-07:00,307,56000.0
216722,meter2-heatLamps,,Heat Lamps 2,kWh,0.0,Electric Consumption,2019-10-01 06:00:00-06:00,2017-12-18 11:00:00-07:00,307,56000.0
216724,meter2-heatLamps,,Heat Lamps 4,kWh,0.0,Electric Consumption,2019-10-01 06:00:00-06:00,2017-12-18 11:00:00-07:00,307,56000.0
201368,meter2-mugFroster2,,Mug Froster 2Door,kWh,0.0,Electric Consumption,2019-10-02 07:00:00-06:00,2017-11-06 11:00:00-07:00,179,56000.0
193819,meter2-mugFroster2,,Mug Froster 2,kWh,13.0,Electric Consumption,2019-10-02 07:00:00-06:00,2017-11-20 12:00:00-07:00,105,56000.0
199223,meter2-mugFroster2,,Mug Froster 2,kWh,0.0,Electric Consumption,2019-10-02 07:00:00-06:00,2017-12-05 15:00:00-07:00,157,56000.0
227910,meter2-refrigeratedDrawers,,Refrigerated Drawers Meat,kWh,0.0,Electric Consumption,2019-10-02 07:00:00-06:00,2017-12-01 13:00:00-07:00,380,56000.0
227911,meter2-refrigeratedDrawers,,Refrigerated Drawers Ribs,kWh,0.0,Electric Consumption,2019-10-02 07:00:00-06:00,2017-12-01 13:00:00-07:00,380,56000.0
283481,meter2-site,480 W 42nd St - Signature Theatre Circuit2 Demand_2,,kWh,28.03,Electric Consumption,2020-11-30 22:45:00-06:00,2017-11-30 22:00:00-07:00,426,80000.0
283482,meter2-site,480 W 42nd St - Signature Theatre Circuit2 EconsumpH_2,,kWh,3771630.5,Electric Consumption,2020-11-30 22:00:00-06:00,2017-11-30 22:00:00-07:00,426,80000.0
283483,meter2-site,480 W 42nd St - Signature Theatre Circuit2 EConsumpL_2,,kWh,3771630.5,Electric Consumption,2020-11-30 22:00:00-06:00,2017-11-30 22:00:00-07:00,426,80000.0
197085,meter2-steam,,1700 Broadway - Base Bldg Steam Meters Con Ed Steam Meter 2,kWh,0,Electric Consumption,2018-11-30 22:45:00-06:00,2018-08-31 21:00:00-07:00,120,600000.0
268300,meter2-steam,,MSKCC Steam Meter 2 BAIC_BM_CONED_SMTR2,kWh,433950.0,Electric Consumption,2018-12-31 23:05:00-06:00,2018-03-31 20:55:00-07:00,420,236000.0
197442,meter2-steam,,Line 2 Steam Consumption_value,kWh,96.3,Electric Consumption,2019-10-03 21:55:00-06:00,2019-04-02 21:05:00-07:00,129,1200000.0
200598,meter2-walkInCooler-meat,,Walk In Cooler Meat,kWh,314.0,Electric Consumption,2019-10-02 07:00:00-06:00,2017-12-04 13:00:00-07:00,164,56000.0
197427,meter-3-1E,,ATS-3-1 E KW Hours Net_value,kWh,0.0,Electric Consumption,2019-10-03 21:56:19-06:00,2019-09-12 09:57:53-07:00,129,1200000.0
197428,meter-3-1N,,ATS-3-1 N KW Hours Net_value,kWh,2101.0,Electric Consumption,2019-10-03 21:56:17-06:00,2019-09-12 09:57:53-07:00,129,1200000.0
193820,meter3-mugFroster3,,Mug Froster 3,kWh,432.0,Electric Consumption,2019-10-02 07:00:00-06:00,2017-11-20 12:00:00-07:00,105,56000.0
283506,meter3-site,480 W 42nd St - Signature Theatre Circuit3 Demand_3,,kWh,0.43,Electric Consumption,2020-11-30 22:45:00-06:00,2017-11-30 22:00:00-07:00,426,80000.0
283507,meter3-site,480 W 42nd St - Signature Theatre Circuit3 EconsumpH_3,,kWh,100708728.0,Electric Consumption,2020-11-30 22:00:00-06:00,2017-11-30 22:00:00-07:00,426,80000.0
283508,meter3-site,480 W 42nd St - Signature Theatre Circuit3 EConsumpL_3,,kWh,100708728.0,Electric Consumption,2020-11-30 22:00:00-06:00,2017-11-30 22:00:00-07:00,426,80000.0
197086,meter3-steam,,1700 Broadway - Base Bldg Steam Meters Con Ed Steam Meter 3,kWh,0,Electric Consumption,2018-11-30 22:45:00-06:00,2018-08-31 21:00:00-07:00,120,600000.0
197443,meter3-steam,,Line 3 Steam Consumption_value,kWh,0.0,Electric Consumption,2019-10-03 21:55:00-06:00,2019-04-02 21:05:00-07:00,129,1200000.0
227912,meter3-walkInCooler-meat,,Meat Room,kWh,390.0,Electric Consumption,2019-10-02 07:00:00-06:00,2017-12-01 13:00:00-07:00,380,56000.0
200599,meter3-walkInCooler-produce,,Walk In Cooler Produce,kWh,527.0,Electric Consumption,2019-10-02 07:00:00-06:00,2017-12-04 13:00:00-07:00,164,56000.0
197429,meter-4-1E,,ATS-4-1 E KW Hours Net_value,kWh,1864.0,Electric Consumption,2019-10-03 21:56:18-06:00,2019-09-12 09:57:53-07:00,129,1200000.0
197430,meter-4-1N,,ATS-4-1 N KW Hours Net_value,kWh,0.0,Electric Consumption,2019-10-03 21:56:19-06:00,2019-09-12 09:57:53-07:00,129,1200000.0
220681,meter-433203206800010,,433203206800010 (kWh),kWh,27.24,Electric Consumption,2020-02-04 11:00:00-06:00,2019-08-24 21:15:00-07:00,332,120000.0
208353,meter471031119000011,471031119000011 (kWh),471031119000011 (kWh),kWh,16.41,Electric Consumption,2020-06-08 10:00:00-06:00,2018-12-31 22:00:00-07:00,249,120000.0
208354,meter491721210110000-site,,491721210110000 (kWh),kWh,135.36,Electric Consumption,2019-08-25 22:00:00-06:00,2019-02-24 22:15:00-07:00,250,120721.0
208337,meter494171206620025,,494171206620025 (kWh),kWh,19.44,Electric Consumption,2019-10-09 22:00:00-06:00,2019-04-08 21:15:00-07:00,248,127000.0
197131,meter4-refrigeratedDrawers,,Refrigerated Drawers Left,kWh,53.0,Electric Consumption,2019-10-02 07:00:00-06:00,2017-11-28 10:00:00-07:00,122,56000.0
201370,meter4-refrigeratedDrawers,,Refrig Draw Middle Right,kWh,0.0,Electric Consumption,2019-10-02 07:00:00-06:00,2017-11-06 11:00:00-07:00,179,56000.0
216726,meter4-refrigeratedDrawers,,Refrigerated Drawers 2,kWh,0.0,Electric Consumption,2019-10-01 06:00:00-06:00,2017-12-18 11:00:00-07:00,307,56000.0
216725,meter4-refrigeratedDrawers,,Refrigerated Drawers 1,kWh,0.0,Electric Consumption,2019-10-01 06:00:00-06:00,2017-12-18 11:00:00-07:00,307,56000.0
212715,meter4-refrigeratedDrawers,,Refrig Draw 15,kWh,84.0,Electric Consumption,2019-10-02 07:00:00-06:00,2017-12-19 14:00:00-07:00,282,56000.0
201369,meter4-refrigeratedDrawers,,Refrig Draw Middle Left,kWh,0.0,Electric Consumption,2019-10-02 07:00:00-06:00,2017-11-06 11:00:00-07:00,179,56000.0
212714,meter4-refrigeratedDrawers,,Ref Door 1,kWh,265.0,Electric Consumption,2019-10-02 07:00:00-06:00,2017-12-19 14:00:00-07:00,282,56000.0
197132,meter4-refrigeratedDrawers,,Refrigerated Drawers Right,kWh,57.0,Electric Consumption,2019-10-02 07:00:00-06:00,2017-11-28 10:00:00-07:00,122,56000.0
193821,meter4-refrigeratedDrawers,,Refrig Drawers,kWh,15.0,Electric Consumption,2019-10-02 07:00:00-06:00,2017-11-20 12:00:00-07:00,105,56000.0
212716,meter4-refrigeratedDrawers,,Refrig Draw 9,kWh,162.0,Electric Consumption,2019-10-02 07:00:00-06:00,2017-12-19 14:00:00-07:00,282,56000.0
283531,meter4-site,480 W 42nd St - Signature Theatre Circuit4 Demand_4,,kWh,13.52,Electric Consumption,2020-11-30 22:45:00-06:00,2017-11-30 22:00:00-07:00,426,80000.0
283532,meter4-site,480 W 42nd St - Signature Theatre Circuit4 EconsumpH_4,,kWh,35017476.0,Electric Consumption,2020-11-30 22:00:00-06:00,2017-11-30 22:00:00-07:00,426,80000.0
283533,meter4-site,480 W 42nd St - Signature Theatre Circuit4 EConsumpL_4,,kWh,35017476.0,Electric Consumption,2020-11-30 22:00:00-06:00,2017-11-30 22:00:00-07:00,426,80000.0
227913,meter4-walkInCooler-produce,,Production WI,kWh,637.0,Electric Consumption,2019-10-02 07:00:00-06:00,2017-12-01 13:00:00-07:00,380,56000.0
200601,meter4-walkInFreezer,,Walk In Freezer,kWh,187.0,Electric Consumption,2019-10-02 07:00:00-06:00,2017-12-04 13:00:00-07:00,164,56000.0
200600,meter4-walkInFreezer,,Cooler / Freezer Combo,kWh,503.0,Electric Consumption,2019-10-02 07:00:00-06:00,2017-12-04 13:00:00-07:00,164,56000.0
197431,meter-5-1E,,ATS-5-1 E KW Hours Net_value,kWh,0.0,Electric Consumption,2019-10-03 21:56:18-06:00,2019-09-12 09:57:53-07:00,129,1200000.0
197432,meter-5-1N,,ATS-5-1 N KW Hours Net_value,kWh,2112.0,Electric Consumption,2019-10-03 21:56:17-06:00,2019-09-12 09:57:53-07:00,129,1200000.0
283556,meter5-site,480 W 42nd St - Signature Theatre Circuit5 Demand_5,,kWh,14.27,Electric Consumption,2020-11-30 22:45:00-06:00,2017-11-30 22:00:00-07:00,426,80000.0
283557,meter5-site,480 W 42nd St - Signature Theatre Circuit5 EconsumpH_5,,kWh,2203013.25,Electric Consumption,2020-11-30 22:00:00-06:00,2017-11-30 22:00:00-07:00,426,80000.0
283558,meter5-site,480 W 42nd St - Signature Theatre Circuit5 EConsumpL_5,,kWh,2203013.25,Electric Consumption,2020-11-30 22:00:00-06:00,2017-11-30 22:00:00-07:00,426,80000.0
199224,meter5-walkInCooler-meat,,Walk In Cooler Meat,kWh,1388.0,Electric Consumption,2019-10-02 07:00:00-06:00,2017-12-05 15:00:00-07:00,157,56000.0
193822,meter5-walkInCooler-meat,,Meat Room,kWh,15.0,Electric Consumption,2019-10-02 07:00:00-06:00,2017-11-20 12:00:00-07:00,105,56000.0
197133,meter5-walkInCooler-meat,,Walk In Cooler Meat,kWh,1228.0,Electric Consumption,2019-10-02 07:00:00-06:00,2017-11-28 10:00:00-07:00,122,56000.0
201371,meter5-walkInCooler-meat,,Walk In Cooler Meat,kWh,166.0,Electric Consumption,2019-10-02 07:00:00-06:00,2017-11-06 11:00:00-07:00,179,56000.0
212717,meter5-walkInCooler-meat,,Walk In Cooler Meat,kWh,549.0,Electric Consumption,2019-10-02 07:00:00-06:00,2017-12-19 14:00:00-07:00,282,56000.0
216727,meter5-walkInCooler-meat,,Meat Room,kWh,371.0,Electric Consumption,2019-10-01 06:00:00-06:00,2017-12-18 11:00:00-07:00,307,56000.0
227914,meter5-walkInFreezer,,WI Freezer,kWh,829.0,Electric Consumption,2019-10-02 07:00:00-06:00,2017-12-01 13:00:00-07:00,380,56000.0
197433,meter-6-1E,,ATS-6-1 E KW Hours Net_value,kWh,1737.0,Electric Consumption,2019-10-03 21:56:19-06:00,2019-09-12 09:57:53-07:00,129,1200000.0
197434,meter-6-1N,,ATS-6-1 N KW Hours Net_value,kWh,0.0,Electric Consumption,2019-10-03 21:56:18-06:00,2019-09-12 09:57:53-07:00,129,1200000.0
283581,meter6-site,480 W 42nd St - Signature Theatre Circuit6 Demand_6,,kWh,14.1,Electric Consumption,2020-11-30 22:45:00-06:00,2017-11-30 22:00:00-07:00,426,80000.0
283582,meter6-site,480 W 42nd St - Signature Theatre Circuit6 EconsumpH_6,,kWh,138045424.0,Electric Consumption,2020-11-30 22:00:00-06:00,2017-11-30 22:00:00-07:00,426,80000.0
283583,meter6-site,480 W 42nd St - Signature Theatre Circuit6 EConsumpL_6,,kWh,138045424.0,Electric Consumption,2020-11-30 22:00:00-06:00,2017-11-30 22:00:00-07:00,426,80000.0
212718,meter6-walkInCooler-produce,,Walk In Cooler Produce,kWh,931.0,Electric Consumption,2019-10-02 07:00:00-06:00,2017-12-19 14:00:00-07:00,282,56000.0
216728,meter6-walkInCooler-produce,,Production WI,kWh,606.0,Electric Consumption,2019-10-01 06:00:00-06:00,2017-12-18 11:00:00-07:00,307,56000.0
193823,meter6-walkInCooler-produce,,Production WI,kWh,342.0,Electric Consumption,2019-10-02 07:00:00-06:00,2017-11-20 12:00:00-07:00,105,56000.0
201372,meter6-walkInCooler-produce,,Walk In Cooler Produce,kWh,692.0,Electric Consumption,2019-10-02 07:00:00-06:00,2017-11-06 11:00:00-07:00,179,56000.0
197134,meter6-walkInCooler-produce,,Walk In Cooler Produce,kWh,1177.0,Electric Consumption,2019-10-02 07:00:00-06:00,2017-11-28 10:00:00-07:00,122,56000.0
199225,meter6-walkInCooler-produce,,Walk In Cooler Produce,kWh,905.0,Electric Consumption,2019-10-02 07:00:00-06:00,2017-12-05 15:00:00-07:00,157,56000.0
197435,meter-7-1E,,ATS-7-1 E KW Hours Net_value,kWh,0.0,Electric Consumption,2019-10-03 21:56:20-06:00,2019-09-12 09:57:53-07:00,129,1200000.0
197436,meter-7-1N,,ATS-7-1 N KW Hours Net_value,kWh,2036.0,Electric Consumption,2019-10-03 21:56:19-06:00,2019-09-12 09:57:53-07:00,129,1200000.0
199226,meter7-walkinFreezer,,Walk In Freezer,kWh,241.0,Electric Consumption,2019-10-02 07:00:00-06:00,2017-12-05 15:00:00-07:00,157,56000.0
197135,meter7-walkinFreezer,,Walk In Freezer,kWh,1118.0,Electric Consumption,2019-10-02 07:00:00-06:00,2017-11-28 10:00:00-07:00,122,56000.0
193824,meter7-walkinFreezer,,WI Freezer,kWh,823.0,Electric Consumption,2019-10-02 07:00:00-06:00,2017-11-20 12:00:00-07:00,105,56000.0
212719,meter7-walkInFreezer,,Walk In Freezer,kWh,971.0,Electric Consumption,2019-10-02 07:00:00-06:00,2017-12-19 14:00:00-07:00,282,56000.0
201373,meter7-walkInFreezer,,Walk in Freezer,kWh,792.0,Electric Consumption,2019-10-02 07:00:00-06:00,2017-11-06 11:00:00-07:00,179,56000.0
216729,meter7-walkInFreezer,,WI Freezer,kWh,1963.0,Electric Consumption,2019-10-01 06:00:00-06:00,2017-12-18 11:00:00-07:00,307,56000.0
197437,meter-8-1E,,ATS-8-1 E KW Hours Net_value,kWh,1869.0,Electric Consumption,2019-10-03 21:56:19-06:00,2019-09-12 09:57:53-07:00,129,1200000.0
197438,meter-8-1N,,ATS-8-1 N KW Hours Net_value,kWh,0.0,Electric Consumption,2019-10-03 21:56:20-06:00,2019-09-12 09:57:53-07:00,129,1200000.0
208338,meter8508235,,8508235 (kWh),kWh,19.44,Electric Consumption,2019-10-09 22:00:00-06:00,2019-04-08 21:15:00-07:00,248,127000.0
208355,meter8939314-site,,8939314 (kWh),kWh,59.76,Electric Consumption,2019-08-25 22:00:00-06:00,2019-02-24 22:15:00-07:00,250,120721.0
208356,meter8939318-site,,8939318 (kWh),kWh,75.6,Electric Consumption,2019-08-25 22:00:00-06:00,2019-02-24 22:15:00-07:00,250,120721.0
220682,meter-8939324,,8939324 (kWh),kWh,25.56,Electric Consumption,2020-02-24 12:15:00-06:00,2019-08-24 21:15:00-07:00,332,120000.0
197136,meter8-cooler-freezer,,Cooler / Freezer Combo,kWh,0.0,Electric Consumption,2019-10-02 07:00:00-06:00,2017-11-28 10:00:00-07:00,122,56000.0
197439,meter-9-1E,,ATS-9-1 E KW Hours Net_value,kWh,0.0,Electric Consumption,2019-10-03 21:56:20-06:00,2019-09-12 09:57:53-07:00,129,1200000.0
197440,meter-9-1N,,ATS-9-1 N KW Hours Net_value,kWh,1586.0,Electric Consumption,2019-10-03 21:56:17-06:00,2019-09-12 09:57:53-07:00,129,1200000.0
200602,meter9-heatLamp,,Heat Lamps Pass Thru,kWh,0.0,Electric Consumption,2019-10-02 07:00:00-06:00,2017-12-04 13:00:00-07:00,164,56000.0
211154,meterA,,Switchboard A Consumption_value,kWh,2516.0,Electric Consumption,2020-04-29 21:45:00-06:00,2019-10-28 21:00:00-07:00,275,522000.0
217094,meter-aquarium1,,Aquarium 1,kWh,0.03,Electric Consumption,2019-03-21 20:00:00-06:00,2017-03-22 12:00:00-07:00,316,144000.0
217095,meter-aquarium2,,Aquarium 2,kWh,0.81,Electric Consumption,2019-03-21 20:00:00-06:00,2017-03-22 12:00:00-07:00,316,144000.0
217096,meter-aquarium3,,Aquarium 3,kWh,0.0,Electric Consumption,2019-03-21 20:00:00-06:00,2017-03-22 12:00:00-07:00,316,144000.0
217097,meter-aquarium4,,Aquarium 4,kWh,0.0,Electric Consumption,2019-03-21 20:00:00-06:00,2017-03-22 12:00:00-07:00,316,144000.0
217099,meter-aquariumReceptable,,Aquarium Receptacle.1,kWh,0.79,Electric Consumption,2019-03-21 20:00:00-06:00,2017-03-22 12:00:00-07:00,316,144000.0
217098,meter-aquariumReceptable,,Aquarium Receptacle,kWh,0.66,Electric Consumption,2019-03-21 20:00:00-06:00,2017-03-22 12:00:00-07:00,316,144000.0
211155,meterB,,Switchboard B Consumption_value,kWh,5972.0,Electric Consumption,2020-04-29 21:45:00-06:00,2019-10-28 21:00:00-07:00,275,522000.0
217100,meter-bill,,A-2 Bill / JAC,kWh,0.30,Electric Consumption,2019-03-21 20:00:00-06:00,2017-03-22 09:00:00-07:00,316,144000.0
217101,meter-bohLight1,,B-6 BOH Lights 1,kWh,0.89,Electric Consumption,2019-03-21 20:00:00-06:00,2017-03-22 09:00:00-07:00,316,144000.0
217102,meter-bohLights2,,B-7 BOH Lights 2,kWh,0.00,Electric Consumption,2019-03-21 20:00:00-06:00,2017-03-22 09:00:00-07:00,316,144000.0
211156,meterC,,Switchboard C Consumption_value,kWh,6014.0,Electric Consumption,2020-04-29 21:45:00-06:00,2019-10-28 21:00:00-07:00,275,522000.0
211157,meterD,,Switchboard D Consumption_value,kWh,20038.0,Electric Consumption,2020-04-29 21:45:00-06:00,2019-10-28 21:00:00-07:00,275,522000.0
217103,meter-dryer,,A-5 Dryer,kWh,0.0,Electric Consumption,2019-03-21 20:00:00-06:00,2017-03-22 09:00:00-07:00,316,144000.0
217104,meter-dryer,,A-6 Dryer,kWh,0.0,Electric Consumption,2019-03-21 20:00:00-06:00,2017-03-22 09:00:00-07:00,316,144000.0
217105,meter-ef1,,A-3 EF-1,kWh,0.0,Electric Consumption,2019-03-21 20:00:00-06:00,2017-03-22 09:00:00-07:00,316,144000.0
284315,meter-electric,Electric Meter Room Meter - Electric Exhaust Exhaust Fans kWh,,kWh,0,Electric Consumption,2020-09-30 21:45:00-06:00,2020-06-30 21:00:00-07:00,127,789079.0
284316,meter-electric,Electric Meter Room Meter - Electric Main Electric Meter kWh,,kWh,10,Electric Consumption,2020-09-30 21:45:00-06:00,2020-06-30 21:00:00-07:00,127,789079.0
197309,meter-electric,Exhaust Fans kWh,Exhaust Fans kWh,kWh,0.08,Electric Consumption,2019-01-05 20:00:00-06:00,2018-06-30 21:00:00-07:00,127,789079.0
197310,meter-electric,Main Electric Meter kWh,Main Electric Meter kWh,kWh,1667704.0,Electric Consumption,2019-01-05 20:00:00-06:00,2018-06-30 21:00:00-07:00,127,789079.0
284318,meter-electric,Selfhelp K2 Meter - Electric Exhaust Exhaust Fans kWh,,kWh,0,Electric Consumption,2020-12-31 22:45:00-06:00,2020-09-30 21:00:00-07:00,127,789079.0
284319,meter-electric,Selfhelp K2 Meter - Electric Main Electric Meter kWh,,kWh,15,Electric Consumption,2020-12-31 22:45:00-06:00,2020-09-30 21:00:00-07:00,127,789079.0
199052,meter-electric,,Selfhelp 6469 Broadway Meters Electric Meter Dmarc,kWh,20865.09,Electric Consumption,2018-10-01 19:15:00-06:00,2018-09-30 21:00:00-07:00,148,789079.0
230433,meter-electric,,Utility Plant Elec Meter Plant Consumption,kWh,515097.04,Electric Consumption,2018-12-31 22:45:00-06:00,2017-12-31 22:00:00-07:00,394,725000.0
194172,meter-electric,,Selfhelp K1 Meters Exhaust Electrical Meter,kWh,61290.0,Electric Consumption,2018-08-31 22:15:00-06:00,2018-08-31 21:00:00-07:00,110,789079.0
208485,meter-electric,,Selfhelp K6 Meters Electric Dmarc,kWh,59743.23,Electric Consumption,2019-01-15 22:45:00-06:00,2018-06-30 21:00:00-07:00,253,789079.0
201005,meter-electric,,Selfhelp K4 Meters Electric Meter Dmarc,kWh,38700.0,Electric Consumption,2018-09-30 22:00:00-06:00,2018-08-31 21:00:00-07:00,170,789079.0
204553,meter-electric,,Selfhelp K3 Meters Electric Meter Dmarc,kWh,113672.5,Electric Consumption,2018-12-31 23:00:00-06:00,2018-06-30 21:00:00-07:00,206,789079.0
217106,meter-emergencyLights,,B-8 FOH Exit / Emergency Night Lighting,kWh,1.25,Electric Consumption,2019-03-21 20:00:00-06:00,2017-03-22 09:00:00-07:00,316,144000.0
217107,meter-fohLights1,,A-7 FOH Lights 1,kWh,0.04,Electric Consumption,2019-03-21 20:00:00-06:00,2017-03-22 09:00:00-07:00,316,144000.0
217108,meter-fohLights2,,A-8 FOH Lights 2,kWh,0.04,Electric Consumption,2019-03-21 20:00:00-06:00,2017-03-22 09:00:00-07:00,316,144000.0
217109,meter-fohLights3,,A-9 FOH Lights 3,kWh,0.04,Electric Consumption,2019-03-21 20:00:00-06:00,2017-03-22 09:00:00-07:00,316,144000.0
217110,meter-fohLights4,,A-10 FOH Lights 4,kWh,0.04,Electric Consumption,2019-03-21 20:00:00-06:00,2017-03-22 09:00:00-07:00,316,144000.0
217111,meter-fohLights5,,B-1 FOH Lights 5,kWh,0.04,Electric Consumption,2019-03-21 20:00:00-06:00,2017-03-22 09:00:00-07:00,316,144000.0
217112,meter-fohLights6,,B-2 FOH Lights 6,kWh,0.01,Electric Consumption,2019-03-21 20:00:00-06:00,2017-03-22 09:00:00-07:00,316,144000.0
217113,meter-fohLights7,,B-3 FOH Lights 7,kWh,0.02,Electric Consumption,2019-03-21 20:00:00-06:00,2017-03-22 09:00:00-07:00,316,144000.0
217114,meter-fohLights8,,B-4 FOH Lights 8,kWh,0.02,Electric Consumption,2019-03-21 20:00:00-06:00,2017-03-22 09:00:00-07:00,316,144000.0
217115,meter-fohLights9,,B-5 FOH Lights 9,kWh,0.02,Electric Consumption,2019-03-21 20:00:00-06:00,2017-03-22 09:00:00-07:00,316,144000.0
217116,meter-frontDoors,,B-9 Front Doors,kWh,0.01,Electric Consumption,2019-03-21 20:00:00-06:00,2017-03-22 09:00:00-07:00,316,144000.0
197311,meter-gas,Selfhelp K2 Meters Gas Meter Dmarc,Selfhelp K2 Meters Gas Meter Dmarc,kWh,0.0,Electric Consumption,2019-01-15 22:45:00-06:00,2018-09-26 08:15:00-07:00,127,789079.0
208486,meter-gas,,Selfhelp K6 Meters Gas Meter Dmarc,kWh,15729.31,Electric Consumption,2019-01-15 22:45:00-06:00,2018-06-30 21:00:00-07:00,253,789079.0
199053,meter-gas,,Selfhelp 6469 Broadway Meters Gas Meter Dmarc,kWh,902.19,Electric Consumption,2018-12-31 22:45:00-06:00,2018-06-30 21:00:00-07:00,148,789079.0
201006,meter-gas,,Selfhelp K4 Meters Gas Meter Dmarc,kWh,132681.0,Electric Consumption,2018-11-30 23:00:00-06:00,2018-08-31 21:00:00-07:00,170,789079.0
194173,meter-gas,,Selfhelp K1 Meters Gas Meter Dmarc,kWh,8378.95,Electric Consumption,2018-11-01 01:15:00-06:00,2018-08-31 21:00:00-07:00,110,789079.0
217117,meter-groomingTable1,,Grooming Table 1,kWh,0.0,Electric Consumption,2019-03-21 20:00:00-06:00,2017-03-22 12:00:00-07:00,316,144000.0
217118,meter-groomingTable2,,Grooming Table 2,kWh,0.0,Electric Consumption,2019-03-21 20:00:00-06:00,2017-03-22 12:00:00-07:00,316,144000.0
217119,meter-groomingTable3,,Grooming Table 3,kWh,0.0,Electric Consumption,2019-03-21 20:00:00-06:00,2017-03-22 12:00:00-07:00,316,144000.0
217120,meter-groomingTable4,,Grooming Table 4,kWh,0.0,Electric Consumption,2019-03-21 20:00:00-06:00,2017-03-22 12:00:00-07:00,316,144000.0
200630,meter-lightingZone1,,Lighting Zone 1,kWh,1.11,Electric Consumption,2019-09-19 20:00:00-06:00,2018-09-19 21:00:00-07:00,165,144000.0
199190,meter-lightingZone1,,Lighting Zone Controlled 1,kWh,0.0,Electric Consumption,2019-08-26 20:00:00-06:00,2018-08-27 13:00:00-07:00,155,144000.0
200631,meter-lightingZone2,,Lighting Zone 2,kWh,0.01,Electric Consumption,2019-09-19 20:00:00-06:00,2018-09-19 21:00:00-07:00,165,144000.0
199191,meter-lightingZone2,,Lighting Zone Controlled 2,kWh,0.0,Electric Consumption,2019-08-26 20:00:00-06:00,2018-08-27 13:00:00-07:00,155,144000.0
199192,meter-lightingZone3,,Lighting Zone Controlled 3,kWh,0.0,Electric Consumption,2019-08-26 20:00:00-06:00,2018-08-27 13:00:00-07:00,155,144000.0
199193,meter-lightingZone4,,Lighting Zone Controlled 4,kWh,0.0,Electric Consumption,2019-08-26 20:00:00-06:00,2018-08-27 13:00:00-07:00,155,144000.0
217121,meter-petWash,,Dryer / Pet Wash,kWh,0.0,Electric Consumption,2019-03-21 20:00:00-06:00,2017-03-22 12:00:00-07:00,316,144000.0
217122,meter-pumpingStation,,Pumping Station,kWh,0.05,Electric Consumption,2019-03-21 20:00:00-06:00,2017-03-22 12:00:00-07:00,316,144000.0
217123,meter-pumpingStation,,Pumping Station.1,kWh,0.0,Electric Consumption,2019-03-21 20:00:00-06:00,2017-03-22 12:00:00-07:00,316,144000.0
217124,meter-recepticles,,B-10 Small Animal / Bird Recepticles,kWh,0.0,Electric Consumption,2019-03-21 20:00:00-06:00,2017-03-22 09:00:00-07:00,316,144000.0
197557,meter-site,,Main Power,kWh,0.36,Electric Consumption,2019-08-22 20:00:00-06:00,2018-08-22 10:00:00-07:00,132,198057.0
215141,meter-site,,Main Power,kWh,1.82,Electric Consumption,2019-07-15 20:00:00-06:00,2018-07-16 07:00:00-07:00,297,198057.0
215046,meter-site,,Main Power,kWh,0.0,Electric Consumption,2019-09-09 20:00:00-06:00,2018-09-09 21:00:00-07:00,294,144000.0
215045,meter-site,,Lighting Zone 4 Middle,kWh,0.0,Electric Consumption,2019-09-09 20:00:00-06:00,2018-09-09 21:00:00-07:00,294,144000.0
215044,meter-site,,Lighting Zone 3 Back,kWh,0.0,Electric Consumption,2019-09-09 20:00:00-06:00,2018-09-09 21:00:00-07:00,294,144000.0
215043,meter-site,,Lighting Zone 2 Front,kWh,0.0,Electric Consumption,2019-09-09 20:00:00-06:00,2018-09-09 21:00:00-07:00,294,144000.0
215042,meter-site,,Lighting Zone 1 Front,kWh,0.0,Electric Consumption,2019-09-09 20:00:00-06:00,2018-09-09 21:00:00-07:00,294,144000.0
212872,meter-site,,Main Power,kWh,1.75,Electric Consumption,2019-08-22 20:00:00-06:00,2018-08-22 07:00:00-07:00,285,198057.0
197985,meter-site,,meter_kwh,kWh,25.32,Electric Consumption,2019-12-10 22:45:00-06:00,2016-12-31 22:15:00-07:00,137,221704.0
198114,meter-site,,Whole Building (AcquiLite)_kwh,kWh,0.8,Electric Consumption,2020-02-29 22:59:00-06:00,2019-04-30 21:00:00-07:00,139,9000.0
200672,meter-site,,Main Power,kWh,0.0,Electric Consumption,2019-10-11 20:00:00-06:00,2018-10-11 21:00:00-07:00,167,144000.0
201043,meter-site,,Main Power,kWh,0.16,Electric Consumption,2019-07-16 20:00:00-06:00,2018-07-16 14:00:00-07:00,172,198057.0
199033,meter-site,,Main Power,kWh,0.29,Electric Consumption,2019-07-02 20:00:00-06:00,2018-07-03 08:00:00-07:00,147,198057.0
201055,meter-site,,Main Power,kWh,3.71,Electric Consumption,2019-02-21 21:00:00-06:00,2018-08-22 10:00:00-07:00,173,198057.0
212120,meter-site,,Main Power,kWh,1.00,Electric Consumption,2019-07-16 20:00:00-06:00,2018-07-16 10:00:00-07:00,277,198057.0
211113,meter-site,,Main Power,kWh,6.38,Electric Consumption,2019-09-19 20:00:00-06:00,2018-09-19 21:00:00-07:00,274,144000.0
201303,meter-site,,Main Power,kWh,10.35,Electric Consumption,2019-07-02 20:00:00-06:00,2018-07-03 08:00:00-07:00,175,198057.0
210768,meter-site,,Non Controlled Lights,kWh,0.84,Electric Consumption,2019-11-19 21:00:00-06:00,2018-11-21 09:00:00-07:00,264,144000.0
210767,meter-site,,SiteSage Controlled Lights,kWh,0.0,Electric Consumption,2019-11-19 21:00:00-06:00,2018-11-21 09:00:00-07:00,264,144000.0
210766,meter-site,,Main Power,kWh,0.84,Electric Consumption,2019-11-19 21:00:00-06:00,2018-11-21 09:00:00-07:00,264,144000.0
210646,meter-site,,Main Power,kWh,0.35,Electric Consumption,2019-09-07 20:00:00-06:00,2018-09-07 21:00:00-07:00,260,144000.0
199120,meter-site,,Main Power,kWh,2.86,Electric Consumption,2018-08-25 12:00:00-06:00,2018-08-22 07:00:00-07:00,151,198057.0
200632,meter-site,,Main Power,kWh,8.43,Electric Consumption,2019-09-19 20:00:00-06:00,2018-09-19 21:00:00-07:00,165,144000.0
200654,meter-site,,Main Power,kWh,1.31,Electric Consumption,2019-07-02 20:00:00-06:00,2018-07-03 07:00:00-07:00,166,198057.0
217125,meter-site,,Main Power,kWh,2.9,Electric Consumption,2019-03-21 20:00:00-06:00,2017-03-22 09:00:00-07:00,316,144000.0
217126,meter-site,,Main Power.1,kWh,2.88,Electric Consumption,2019-03-21 20:00:00-06:00,2017-03-22 09:00:00-07:00,316,144000.0
217127,meter-site,,Main Power.2,kWh,2.58,Electric Consumption,2019-03-21 20:00:00-06:00,2017-03-22 09:00:00-07:00,316,144000.0
217128,meter-site,,Sign,kWh,0.34,Electric Consumption,2019-03-21 20:00:00-06:00,2017-03-22 12:00:00-07:00,316,144000.0
201326,meter-site,,Main Power,kWh,6.38,Electric Consumption,2019-09-19 20:00:00-06:00,2018-09-19 21:00:00-07:00,177,144000.0
199282,meter-site,,Stock Lights,kWh,0.22,Electric Consumption,2019-09-23 20:00:00-06:00,2018-09-24 10:00:00-07:00,160,144000.0
219335,meter-site,,Main Power,kWh,4.53,Electric Consumption,2019-07-16 20:00:00-06:00,2018-07-16 09:00:00-07:00,322,198057.0
199281,meter-site,,Front Sales,kWh,0.04,Electric Consumption,2019-09-23 20:00:00-06:00,2018-09-24 10:00:00-07:00,160,144000.0
220537,meter-site,,Main Power,kWh,0.49,Electric Consumption,2019-08-21 20:00:00-06:00,2018-08-22 08:00:00-07:00,327,198057.0
208465,meter-site,,Main Power,kWh,1.36,Electric Consumption,2019-08-22 20:00:00-06:00,2018-08-22 08:00:00-07:00,252,198057.0
207779,meter-site,,Main Power,kWh,1.60,Electric Consumption,2019-09-08 20:00:00-06:00,2018-09-08 21:00:00-07:00,236,144000.0
221848,meter-site,,Main Power,kWh,1.82,Electric Consumption,2019-07-15 20:00:00-06:00,2018-07-16 07:00:00-07:00,350,198057.0
221922,meter-site,,Main Power,kWh,1.70,Electric Consumption,2019-07-03 20:00:00-06:00,2018-07-03 08:00:00-07:00,353,198057.0
205654,meter-site,,Main Power,kWh,0.0,Electric Consumption,2019-09-19 20:00:00-06:00,2018-09-19 21:00:00-07:00,226,144000.0
199254,meter-site,,Whole Building (AcquiLite)_kWh,kWh,5.05,Electric Consumption,2020-02-29 23:00:01-06:00,2019-04-30 21:00:00-07:00,158,9000.0
205627,meter-site,,Main Power,kWh,0.10,Electric Consumption,2019-07-03 20:00:00-06:00,2018-07-03 08:00:00-07:00,225,198057.0
205155,meter-site,,Main Power,kWh,1.83,Electric Consumption,2019-07-15 20:00:00-06:00,2018-07-16 07:00:00-07:00,220,198057.0
199194,meter-site,,Main Power,kWh,0.0,Electric Consumption,2019-08-26 20:00:00-06:00,2018-08-27 13:00:00-07:00,155,144000.0
227152,meter-site,,Main Power,kWh,0.77,Electric Consumption,2019-07-16 20:00:00-06:00,2018-07-16 10:00:00-07:00,372,198057.0
228645,meter-site,,Main,kWh,0.13,Electric Consumption,2019-12-03 21:00:00-06:00,2018-12-03 14:00:00-07:00,386,198057.0
204658,meter-site,,Main Power,kWh,0.13,Electric Consumption,2019-08-01 20:00:00-06:00,2018-07-31 21:00:00-07:00,210,198057.0
204541,meter-site,,Whole Building (AcquiLite)_kWh,kWh,0.35,Electric Consumption,2020-02-29 22:59:00-06:00,2019-04-30 21:00:00-07:00,205,8500.0
197200,meter-site,,Whole Building (AcquiLite)_kWh,kWh,0.1,Electric Consumption,2020-01-09 23:00:00-06:00,2019-01-09 22:00:00-07:00,125,8500.0
203621,meter-site,,kWh,kWh,858.0,Electric Consumption,2018-12-09 23:00:00-06:00,2016-12-31 22:15:00-07:00,194,1700000.0
197842,meter-site,,446225112500033 (kWh),kWh,9.72,Electric Consumption,2019-12-27 11:00:00-06:00,2018-12-31 22:00:00-07:00,135,200000.0
202720,meter-site,,Main Power,kWh,2.72,Electric Consumption,2019-07-16 20:00:00-06:00,2018-07-17 07:00:00-07:00,187,198057.0
202744,meter-site,,Main Power,kWh,3.66,Electric Consumption,2019-09-05 20:00:00-06:00,2018-09-05 21:00:00-07:00,188,144000.0
229786,meter-site,,Whole Building (AcquiLite)_kWh,kWh,0.8,Electric Consumption,2020-02-29 22:59:00-06:00,2019-04-30 21:00:00-07:00,390,8500.0
203559,meter-site,,Main Power,kWh,0.52,Electric Consumption,2019-07-02 20:00:00-06:00,2018-07-02 13:00:00-07:00,191,198057.0
230443,meter-steam,,Utility Small Steam Meter NMRatePk_T,kWh,null,Electric Consumption,2018-12-31 22:45:00-06:00,2017-12-31 22:00:00-07:00,394,725000.0
230435,meter-steam,,Utility Large Steam Meter PMRate,kWh,172.08,Electric Consumption,2018-12-31 22:45:00-06:00,2017-12-31 22:00:00-07:00,394,725000.0
230436,meter-steam,,Utility Large Steam Meter PMRatePk_L,kWh,null,Electric Consumption,2018-12-31 22:45:00-06:00,2017-12-31 22:00:00-07:00,394,725000.0
230437,meter-steam,,Utility Large Steam Meter PMRatePk_M,kWh,null,Electric Consumption,2018-12-31 22:45:00-06:00,2017-12-31 22:00:00-07:00,394,725000.0
230438,meter-steam,,Utility Large Steam Meter PMRatePk_T,kWh,null,Electric Consumption,2018-12-31 22:45:00-06:00,2017-12-31 22:00:00-07:00,394,725000.0
230441,meter-steam,,Utility Small Steam Meter NMRatePk_L,kWh,null,Electric Consumption,2018-12-31 22:45:00-06:00,2017-12-31 22:00:00-07:00,394,725000.0
230442,meter-steam,,Utility Small Steam Meter NMRatePk_M,kWh,null,Electric Consumption,2018-12-31 22:45:00-06:00,2017-12-31 22:00:00-07:00,394,725000.0
230439,meter-steam,,Utility Large Steam Meter PMRatePk_Y,kWh,null,Electric Consumption,2018-12-31 22:45:00-06:00,2017-12-31 22:00:00-07:00,394,725000.0
230440,meter-steam,,Utility Small Steam Meter NMRate,kWh,270.84,Electric Consumption,2018-12-31 22:45:00-06:00,2017-12-31 22:00:00-07:00,394,725000.0
230444,meter-steam,,Utility Small Steam Meter NMRatePk_Y,kWh,null,Electric Consumption,2018-12-31 22:45:00-06:00,2017-12-31 22:00:00-07:00,394,725000.0
230445,meter-steam,,Utility Steam Site Meter Steam Consumption,kWh,9524756,Electric Consumption,2018-12-31 22:45:00-06:00,2017-12-31 22:00:00-07:00,394,725000.0
217129,meter-wallPack,,A-1 Wall Pack,kWh,0.08,Electric Consumption,2019-03-21 20:00:00-06:00,2017-03-22 09:00:00-07:00,316,144000.0
217130,meter-washer,,A-4 Washer,kWh,0.0,Electric Consumption,2019-03-21 20:00:00-06:00,2017-03-22 09:00:00-07:00,316,144000.0
310271,site-Sensor,225 E 149th St. Controller [Tekmar 284] Energy Usage,,kWh,0,Electric Consumption,2020-10-28 11:45:00-06:00,2020-04-30 21:00:00-07:00,441,551143.0
309967,site-Sensor,kWhDataRm3total (16RR/DP-3A) value,,kWh,539.68,Electric Consumption,2021-10-01 21:55:00-06:00,2020-10-01 21:05:00-07:00,440,268000.0
309968,site-Sensor,kWhMezztot (3FCR) value,,kWh,1886.5,Electric Consumption,2021-10-01 21:57:04-06:00,2020-10-01 21:02:53-07:00,440,268000.0
309969,site-Sensor,Total Electric Consumption value,,kWh,7999.15,Electric Consumption,2021-10-01 21:50:00-06:00,2020-10-01 21:05:00-07:00,440,268000.0
283601,Site-Sensor,480 W 42nd St - Signature Theatre Main KWh_Net,,kWh,1044883.88,Electric Consumption,2020-11-30 22:00:00-06:00,2017-12-02 13:00:00-07:00,426,80000.0
193895,Site-Sensor,,Whole Building (AcquiLite),kWh,11.0,Electric Consumption,2020-05-04 22:00:01-06:00,2019-10-31 21:00:00-07:00,108,
227938,Site-Sensor,,8661752_EXPORT,kWh,0.0,Electric Consumption,2019-12-27 23:45:00-06:00,2019-05-31 21:00:00-07:00,381,156250.0
227888,Site-Sensor,,Bump Out HVAC,kWh,3.0,Electric Consumption,2019-10-02 07:00:00-06:00,2017-12-01 13:00:00-07:00,380,56000.0
193812,Site-Sensor,,Main Power,kWh,17818.0,Electric Consumption,2019-10-02 07:00:00-06:00,2017-11-20 12:00:00-07:00,105,56000.0
199219,Site-Sensor,,Main Power,kWh,17286.0,Electric Consumption,2019-10-02 07:00:00-06:00,2017-12-05 15:00:00-07:00,157,56000.0
194260,Site-Sensor,,demand_peak,kWh,2592.0,Electric Consumption,2020-03-30 22:00:00-06:00,2019-03-31 21:00:00-07:00,115,1073894.0
216705,Site-Sensor,,Main Power,kWh,11204.0,Electric Consumption,2019-10-01 06:00:00-06:00,2017-12-18 11:00:00-07:00,307,56000.0
227940,Site-Sensor,,Electricity Out,kWh,7617.52,Electric Consumption,2019-12-13 23:00:00-06:00,2019-05-31 21:00:00-07:00,381,156250.0
197125,Site-Sensor,,Main Power,kWh,12378.0,Electric Consumption,2019-10-02 07:00:00-06:00,2017-11-28 10:00:00-07:00,122,56000.0
212704,Site-Sensor,,Main Power,kWh,22723.0,Electric Consumption,2019-10-02 07:00:00-06:00,2017-12-19 14:00:00-07:00,282,56000.0
227937,Site-Sensor,,8661751_EXPORT,kWh,0.0,Electric Consumption,2019-12-27 23:45:00-06:00,2019-05-31 21:00:00-07:00,381,156250.0
201363,Site-Sensor,,Main Power,kWh,12696.0,Electric Consumption,2019-10-02 07:00:00-06:00,2017-11-06 11:00:00-07:00,179,56000.0
227890,Site-Sensor,,Main Power,kWh,22330.0,Electric Consumption,2019-10-02 07:00:00-06:00,2017-12-01 13:00:00-07:00,380,56000.0
200594,Site-Sensor,,Main Power,kWh,12416.0,Electric Consumption,2019-10-02 07:00:00-06:00,2017-12-04 13:00:00-07:00,164,56000.0
210781,Site-Sensor,,Whole Building (AcquiLite),kWh,11.0,Electric Consumption,2020-05-04 22:00:01-06:00,2019-09-23 21:00:00-07:00,265,
199029,steamMeter1,,Meter Data Elec Meter Steam Meter 1,kWh,699.98,Electric Consumption,2019-12-31 22:45:00-06:00,2018-12-14 22:00:00-07:00,146,281755.0
199030,steamMeter2,,Meter Data Elec Meter Steam Meter 2,kWh,0,Electric Consumption,2019-12-31 22:45:00-06:00,2018-12-14 22:00:00-07:00,146,281755.0
